1.0353968669593194 , 0.11483377412671661 , 0.7316321686219718
1.036524637923435 , 0.11439572068820135 , 0.7308208558885513
1.0392408090501026 , 0.11333364692037254 , 0.7288506230394804
1.0432597627143385 , 0.11174098342707467 , 0.7258835254008794
1.0490177152838283 , 0.10941110970242747 , 0.7215126315125249
1.0564761210044047 , 0.10627106490844687 , 0.7156844578252377
1.0648695637798538 , 0.10266779844979336 , 0.708650207485587
1.0747702356346074 , 0.09814409963351561 , 0.6999703157506876
1.0848995222150173 , 0.09331896275456057 , 0.6903021698940481
1.0953662436341887 , 0.08797574771581324 , 0.6795553480666919
1.105137670598516 , 0.08263294842946474 , 0.6686273290185143
1.1144483782599273 , 0.07715375955352126 , 0.6572387449262098
1.1229702688882166 , 0.0717255803396883 , 0.6457857660896636
1.1295385897645163 , 0.06720368328139976 , 0.636130179463766
1.1356845965244193 , 0.06263829452489235 , 0.6263063789945388
1.139682914870998 , 0.0594624560170387 , 0.6194728675983856
1.1425875524552618 , 0.05705798192753013 , 0.6143771161893459
1.1443615016669142 , 0.05560152173976381 , 0.6114633400194065
1.1451715354037872 , 0.05506874803949485 , 0.6107270173272886
1.1444888578790116 , 0.05643813695201781 , 0.6150554014189659
1.1433476717528033 , 0.05800275003582833 , 0.6193418346583112
1.141961492832121 , 0.05982070102621806 , 0.624244621139478
1.1404420205902024 , 0.06177174528561148 , 0.6295024558893003
1.1390204003286881 , 0.06356286313956618 , 0.6343316137306719
1.137490567784489 , 0.06539772155665706 , 0.639418117648493
1.1360696177371374 , 0.06718146378444435 , 0.6440954201337569
1.13446490625365 , 0.06903980714444584 , 0.6492508015394212
1.132922534108984 , 0.07090449375910206 , 0.6541526442333305
1.1312786204598377 , 0.07279748837626947 , 0.6592713217129629
1.129759439680804 , 0.07451710411683825 , 0.6639243544271866
1.1281537477854295 , 0.07630285472829189 , 0.6687657048701798
1.126471241732548 , 0.0781467866076931 , 0.6737564115279153
1.124762955501239 , 0.07998535022566734 , 0.6787426042154092
1.1231362150857116 , 0.0817078041949587 , 0.6834177490664805
1.1213776844103873 , 0.08353994182386698 , 0.6883948742223301
1.1196485375976262 , 0.08531239251447888 , 0.6932142380748414
1.1178109549873334 , 0.08716563950492723 , 0.6982581069978747
1.115918228411907 , 0.08904307799141017 , 0.7033730589158614
1.1141855006626706 , 0.09073491427158972 , 0.7079870611581169
1.1114341726543944 , 0.09337074853223422 , 0.7151848675469158
1.1096142746193949 , 0.09508155357834612 , 0.719862994702162
1.1076958389891562 , 0.09685795600381261 , 0.7247260129469069
1.1054770625958223 , 0.09887912220323505 , 0.7302661880239225
1.1036290403957465 , 0.10053623032048277 , 0.7348142995587867
1.1014138282171988 , 0.10249221356917307 , 0.7401897420926125
1.0992633893432364 , 0.10436042238930848 , 0.7453313304155338
1.0971335488689653 , 0.10617810048018159 , 0.7503530153174199
1.0950901400901374 , 0.10790395529901485 , 0.7551043725672849
1.0931054858139309 , 0.1095528135855337 , 0.7596615684334951
1.0907534823218257 , 0.11142640306227095 , 0.7649842827553298
1.088545968699887 , 0.11325695085407214 , 0.769922816595823
1.086352105493581 , 0.11499933145601368 , 0.7747613319673122
1.084150306760343 , 0.11672304764099738 , 0.7795557163317468
1.0818537034093574 , 0.11849515185464438 , 0.7844929013795723
1.0795661196328594 , 0.12023487463462415 , 0.78934819652407
1.07734241886485 , 0.121902422647405 , 0.7940100145477514
1.0748600378735265 , 0.12373730758317769 , 0.7991488710529349
1.0725135599832805 , 0.12544666098692125 , 0.803945076073406
1.0701419923892832 , 0.12715026563744575 , 0.8087339128600144
1.0679133798518265 , 0.12872978759685338 , 0.813181933116413
1.0654368789273796 , 0.13046137572375713 , 0.8180671752797886
1.0630294607262996 , 0.13212149369339876 , 0.822759768209012
1.0604630875225314 , 0.13386680714344162 , 0.8277028073083336
1.057908676731931 , 0.1355796966476094 , 0.8325637186511078
1.0552888455662313 , 0.13731204167765215 , 0.83748968064875
1.0527215133990298 , 0.13898641619886296 , 0.8422602026918116
1.049968508773778 , 0.140757114823021 , 0.8473151201320843
1.0475716584092254 , 0.14227852854439216 , 0.851666382283851
1.0448402938065 , 0.1439421234827023 , 0.8565689967036634
1.04228172962802 , 0.14557278974790222 , 0.8611117324962577
1.0396927266911238 , 0.14715478551715538 , 0.8656578141713068
1.037080264754115 , 0.14873215616769075 , 0.8701956316569328
1.0343171390594654 , 0.15038098381355858 , 0.8749422865091643
1.0316563119027489 , 0.15195129142830832 , 0.8794628665417926
1.0287557201522157 , 0.15364589636790238 , 0.88433546507391
1.02606638988396 , 0.15520426314716534 , 0.8888021224634596
1.023264178635758 , 0.15682050475232795 , 0.8934038451000039
1.0203632819598245 , 0.15849158493793586 , 0.8981102032103688
1.0167029603039535 , 0.16065211943572816 , 0.9039533707834402
1.0136844348311806 , 0.1626779703404146 , 0.9086381831181437
1.0108046746081283 , 0.164636054333097 , 0.9130341696763828
1.0084820748203267 , 0.1634191401322014 , 0.9173373585643635
1.0050932654130407 , 0.16787456306590703 , 0.9218145010823544
1.0024005655600499 , 0.1668088354525245 , 0.9266022618421828
0.999331746229018 , 0.16862255073755145 , 0.9311661923947706
0.9964575784090955 , 0.17015559621651682 , 0.9354376686093165
0.9934033932140104 , 0.17171245597128104 , 0.9399462335004032
0.9904987643809734 , 0.1731504840369854 , 0.9441986680301695
0.9873814684902953 , 0.17465955853279969 , 0.9487219095315708
0.9842908086250617 , 0.1761267701545118 , 0.9531644889448472
0.9812519381859495 , 0.17754463843067642 , 0.9574919401169443
0.978018483935082 , 0.17902864591772338 , 0.9620526422735275
0.9748859772416932 , 0.18044363277642025 , 0.9664284642789039
0.9715805997652172 , 0.18191372346541135 , 0.9710011798084904
0.9684281184809286 , 0.18329471787263685 , 0.9753204701805335
0.9652793355511946 , 0.18465423673239373 , 0.9795945987193004
0.962032167286546 , 0.18603606311763105 , 0.983961080500646
0.9588142187070884 , 0.18738578233750108 , 0.9882477760312273
0.9555745612498905 , 0.1887253028825354 , 0.9925234365310073
0.9521561471496338 , 0.1901182094553468 , 0.9969923783951522
0.9486612503120423 , 0.19152096483361536 , 1.0015169210396402
0.9451684870634843 , 0.19290178363245797 , 1.005994747795582
0.9416007881065673 , 0.19424788512851568 , 1.010527377209495
0.9383532212224387 , 0.1955370106131742 , 1.0146088425816622
0.9346548795822154 , 0.19693513919290606 , 1.0192168420674896
0.9310400017071124 , 0.1982805547515381 , 1.0236767930428858
0.9274010440239792 , 0.19961418366128977 , 1.0281233161971537
0.9239314663682564 , 0.20086668090871235 , 1.032323318356295
0.9204682007887005 , 0.2020986516236044 , 1.0364778749358992
0.9168999780562662 , 0.2033491917394058 , 1.0407195366230069
0.9130846076587443 , 0.20466561367286856 , 1.045212211417875
0.909414396819254 , 0.20591205049544925 , 1.049492995389417
0.9056361372702001 , 0.20717511911716072 , 1.0538586081706487
0.9019490248770734 , 0.20838839438075504 , 1.0580793271263218
0.8980379464794283 , 0.2096548250275664 , 1.0625144593036089
0.8945086884383875 , 0.21077973390575283 , 1.0664801661252021
0.8906680814764075 , 0.21198488250510553 , 1.070757116381622
0.8864816407668005 , 0.21327632351827913 , 1.0753741474110559
0.8819433023688392 , 0.21465053578692875 , 1.0803271781238664
0.878028752207381 , 0.21581464872465644 , 1.084556688246988
0.8740617262321971 , 0.2169746158176255 , 1.088803233137731
0.8705831342680147 , 0.21797561924580805 , 1.0924945980220484
0.8664827678637201 , 0.21913643031781382 , 1.0968075978825924
0.862601976564236 , 0.2202162741293359 , 1.1008521873605785
0.8588225468736258 , 0.22125056424377718 , 1.104756687309653
0.8550543136031967 , 0.22226495807556096 , 1.1086162907759944
0.8509890798299977 , 0.22334069049850094 , 1.1127433451478488
0.8469448013056918 , 0.2243525638847208 , 1.1168164154474651
0.8431361581942892 , 0.225364902919437 , 1.1206098443563652
0.8389131329650588 , 0.22642461668805813 , 1.1247836703561684
0.8348881675429435 , 0.22741616029020328 , 1.128725696026285
0.8309379805767882 , 0.2283719650585662 , 1.1325607839509004
0.8268412165441305 , 0.2293453255363589 , 1.1365034232707771
0.822724057436054 , 0.230305370150369 , 1.1404305505715664
0.8187473423139773 , 0.23121557661736847 , 1.144190746453733
0.8144289366482269 , 0.2321851879543394 , 1.1482378593588958
0.8102511683381596 , 0.2331048002899602 , 1.152117836590124
0.8059555316954984 , 0.2340316813582765 , 1.1560715648399884
0.8014095668009434 , 0.23499218659848486 , 1.1602168218364037
0.7973677026202591 , 0.23582876758525947 , 1.163869309465748
0.7929770764005378 , 0.23671916350206382 , 1.167802141440761
0.7889312610305996 , 0.23752287209170003 , 1.1713944367344677
0.7846677202680062 , 0.2383526149526313 , 1.1751476051851457
0.7805527254020992 , 0.23913686006400098 , 1.178738835217411
0.7763528409675428 , 0.23992064826481901 , 1.1823729755222836
0.7719320150343686 , 0.2407276940041597 , 1.186164705911503
0.7676613424336648 , 0.24148999409954372 , 1.1897953495207552
0.7627925223177443 , 0.24233849251948525 , 1.193896284292838
0.7586546302470549 , 0.24304255289710242 , 1.1973499694222611
0.7543626041272381 , 0.24375643926102203 , 1.2009020085911957
0.7498803036054402 , 0.24448431188612174 , 1.2045789824863646
0.7453791550674087 , 0.24519725628511346 , 1.20823837450766
0.7410334574185257 , 0.2458686330682325 , 1.2117403472405315
0.7363207631540053 , 0.24657806603329993 , 1.2155040140946067
0.7314827124957279 , 0.2472863797250113 , 1.2193313875186758
0.7271530680110703 , 0.24790324571908096 , 1.2227256635245958
0.7223467738245619 , 0.24856937067719542 , 1.2264598407726273
0.7180894186467653 , 0.24914316524129834 , 1.2297381824505562
0.7116388434496077 , 0.24998374961457337 , 1.2346535391152162
0.7074865218335599 , 0.2505066519613971 , 1.23778496703823
0.7029602037445637 , 0.25106056787555486 , 1.2411696599336572
0.6983089248235941 , 0.2516124366177573 , 1.244616850592871
0.6933865440169649 , 0.2521774872869842 , 1.248231175435327
0.6887362963855956 , 0.2526935135637269 , 1.2516141162680914
0.6841423266928647 , 0.2531864633762894 , 1.2549263249802787
0.6794955629959973 , 0.2536681914433668 , 1.2582467880284778
0.6748325148702041 , 0.25413466523680717 , 1.2615490585483518
0.6700794801520618 , 0.2545928068470862 , 1.2648846181262972
0.6653430057032044 , 0.25500043718832965 , 1.2681801807170117
0.6604866831419981 , 0.2554646833129441 , 1.2715242748136464
0.6557214951833485 , 0.2558718101708757 , 1.2747772133478321
0.6508230485610504 , 0.25624100777992825 , 1.278094958167533
0.6461058709029156 , 0.2566414832418158 , 1.2812512550371995
0.6415190411833175 , 0.256984425920111 , 1.2842976181799044
0.6363136021442832 , 0.25735485699087685 , 1.2877224875595927
0.6321514684437326 , 0.2576367867415203 , 1.2904364065739666
0.6265716667438599 , 0.25799500523982777 , 1.2940408601283981
0.6216967268779402 , 0.25828958758407217 , 1.297158533959107
0.6168832315713129 , 0.2585637496551839 , 1.3002084057885912
0.6120936202341104 , 0.25882017835217486 , 1.3032152781096413
0.6068279650891948 , 0.2590833669993504 , 1.306489214626159
0.6015840947191979 , 0.2593261016615009 , 1.309716816121969
0.596827317526859 , 0.2595296798330926 , 1.3126165599521666
0.5919018614310532 , 0.25972392812658457 , 1.315591250528994
0.5868454674328827 , 0.2599059295900915 , 1.3186157592294547
0.5822040980554213 , 0.2600575554841533 , 1.3213661372054255
0.5772764659485484 , 0.2602024534381062 , 1.3242592536766078
0.572415156180784 , 0.2603013232674713 , 1.3270908131295456
0.5672233311203237 , 0.26044709192288407 , 1.3300766681261802
0.5617813185404794 , 0.26055119491243295 , 1.3331787056392206
0.5567195982215837 , 0.26063029651077085 , 1.336034606909323
0.5518429822211148 , 0.26069043429992766 , 1.3387595125726877
0.5463570831491427 , 0.26073933588646325 , 1.3417939582887435
0.5412949870313577 , 0.26076694108098936 , 1.3445651731013164
0.5356198732031471 , 0.26077800496211656 , 1.3476393612707824
0.5299690926306082 , 0.2607682485361347 , 1.3506663759470245
0.5232215101734858 , 0.2607040859377583 , 1.3542408057923472
0.5175722489453011 , 0.2606747713078377 , 1.3571896104131254
0.51243961767506 , 0.26060729322813153 , 1.3598436483208827
0.5070516036096382 , 0.26051845157333936 , 1.362600584407493
0.5020164413094819 , 0.26041883278683403 , 1.3651501609335388
0.4966848612245272 , 0.2602959508677201 , 1.3678217838376394
0.4916676178894074 , 0.2601640392651651 , 1.370309718924494
0.4859931993645736 , 0.25997233372040984 , 1.3730967624326609
0.48086267882570655 , 0.25982668161902545 , 1.375582207760575
0.47577084879278647 , 0.2596426148700293 , 1.3780267627213068
0.47066846800971984 , 0.2594421322834058 , 1.380450824963542
0.46555566527711084 , 0.259225201107458 , 1.382854328106922
0.45993624500007185 , 0.25896832503300493 , 1.3854667103106386
0.4544289722898176 , 0.2586979013359394 , 1.3879973882267387
0.44915939668462224 , 0.2584219082244516 , 1.3903916031699601
0.4441291374344888 , 0.2581427754001627 , 1.3926523778963389
0.4386309990226153 , 0.25782022805932064 , 1.3950959837190005
0.43271703339629 , 0.25743233889327855 , 1.3976956790104382
0.42757363473237825 , 0.2570962301775511 , 1.3999272335561386
0.4223234953276923 , 0.2567569479031322 , 1.4021766620683473
0.41749732798132266 , 0.25641185909309827 , 1.404224680358012
0.4118218828373883 , 0.25598836275376463 , 1.4066055860453046
0.40655740764973575 , 0.25557849671459326 , 1.4087876359201572
0.40098843130847833 , 0.2551271301221026 , 1.4110683319300048
0.3951981527842159 , 0.2546384836178834 , 1.413409759507464
0.3903296878833254 , 0.25421240990041305 , 1.415354956232956
0.3843931570739832 , 0.25367409861267476 , 1.4176980218001543
0.37882877364125433 , 0.2531508599148667 , 1.4198655305635004
0.37329796199477 , 0.25261291780887124 , 1.4219925961453352
0.3674172636754309 , 0.2520214603659695 , 1.4242244351762496
0.3616123727478279 , 0.25141797837988117 , 1.4263975326125184
0.3561405674987814 , 0.25083129087252337 , 1.4284187966410777
0.3505322666219568 , 0.2502120463973696 , 1.4304632666493542
0.3450015911420693 , 0.2495836402707275 , 1.4324525696296417
0.3398068307156697 , 0.2489773937463212 , 1.4342968452361846
0.3340031060305725 , 0.24828177198433135 , 1.4363296986203673
0.32836352430054105 , 0.24758734843683833 , 1.4382772401303778
0.3232126773833016 , 0.24692296162847674 , 1.4400340939753304
0.31766657539280035 , 0.24622025863799418 , 1.441896317368221
0.311789452848879 , 0.24544137563023433 , 1.443843136777947
0.30625110585707627 , 0.24468939363925715 , 1.445650876328175
0.30144299807004915 , 0.24402241826099985 , 1.4471991984714838
0.29571896156595395 , 0.24321126539060475 , 1.4490170251409389
0.29027332131592376 , 0.2424100404117367 , 1.450722457743391
0.28529466490972694 , 0.24168629520561452 , 1.452256783701132
0.27985696325906384 , 0.2408663799685094 , 1.4539106473966266
0.2746751154197608 , 0.2400694706046405 , 1.455463738885848
0.2691220136345036 , 0.23918761029515526 , 1.4571047039463845
0.26355482478506265 , 0.23830804056720822 , 1.4587213448944725
0.25761524262900365 , 0.2373385965777598 , 1.4604193418914324
0.2515823399296868 , 0.23633352847525793 , 1.4621142159155183
0.24593762392795832 , 0.23537452799014966 , 1.463672907976301
0.24068230787364775 , 0.23446552172574361 , 1.4651005587232082
0.234545907080431 , 0.23338439564286176 , 1.4667389348927058
0.2286235508526794 , 0.23232083642866547 , 1.4682909818660927
0.2234764945287105 , 0.23137240891437316 , 1.4696158732496403
0.2177315272288676 , 0.23031314712452028 , 1.4710707920996935
0.2121038566175264 , 0.22924959122982025 , 1.4724692831652693
0.20603220889129512 , 0.22808208470147037 , 1.4739493128179109
0.20044078218463518 , 0.22698850369802387 , 1.4752859011674961
0.19414072227404508 , 0.2257351855777872 , 1.4767616247277993
0.18858619682914377 , 0.22461157429909995 , 1.4780361665911914
0.18324919949285143 , 0.22351553371307187 , 1.4792373932491931
0.1773798166038118 , 0.22229155420101476 , 1.480532003774062
0.17137487729010023 , 0.22101912330569123 , 1.481827885751278
0.16519018983476141 , 0.21968724793270916 , 1.4831323287344833
0.1597003319457614 , 0.2184819375338729 , 1.484265027513148
0.1543157728915923 , 0.2172928256892868 , 1.4853516320463551
0.1485216052642624 , 0.21598959098852977 , 1.4864955153202852
0.14241558606651356 , 0.2145955526202457 , 1.4876719428739846
0.1366173553496086 , 0.21325213521827774 , 1.4887615230084152
0.1311716619410267 , 0.21197294778536313 , 1.4897604349119147
0.12523441704872287 , 0.21055591395119871 , 1.490821318963761
0.1196561774580246 , 0.20921221686040237 , 1.4917948938673575
0.11380799814611556 , 0.20778113208115478 , 1.4927876512699503
0.10835203484456782 , 0.2064257601151928 , 1.4936894686314985
0.1029065816993825 , 0.20506115730155225 , 1.494565517547552
0.09714467198809247 , 0.20359595332749356 , 1.495466980063358
0.09164594619314051 , 0.2021779710269036 , 1.4963014885730073
0.08561965157272226 , 0.2006078888579003 , 1.497190774108329
0.07949890275650773 , 0.19898826155535593 , 1.4980633443105116
0.07382825159533124 , 0.19747140564428697 , 1.4988449169488367
0.06815448946452748 , 0.19593351778293644 , 1.4996013667873918
0.06199362263064255 , 0.194242446246379 , 1.5003936854281381
0.05565621399520178 , 0.19247989499329707 , 1.5011771031459
0.05016458828146797 , 0.1909330436604135 , 1.5018286745048897
0.04449075981079352 , 0.18931763334341603 , 1.5024792940946516
0.03811238482448516 , 0.18747847323138478 , 1.5031784318765695
0.03297545400522939 , 0.18597995322292835 , 1.5037178061926855
0.027308526839412428 , 0.18430886301870464 , 1.504288284718166
0.02133347347811544 , 0.18252646458035438 , 1.504861861035858
0.015406524021436704 , 0.18073756611143235 , 1.505402507793179
0.009301203217633912 , 0.1788732994066376 , 1.5059297721604903
0.0032444563953893737 , 0.17700200602803573 , 1.5064231833960808
-0.0022352389572189574 , 0.1752902633228272 , 1.5068440553857687
-0.008065860103776482 , 0.17344931391770377 , 1.5072652013794663
-0.014643944300657838 , 0.17134806833505872 , 1.5077072511252982
-0.020821134708366065 , 0.16935137732937883 , 1.508090356613118
-0.026465644383940952 , 0.16750691798829803 , 1.508413262331751
-0.03175443755803424 , 0.1657613713621993 , 1.5086922293997929
-0.0374365635169175 , 0.1638672900213528 , 1.5089664575048078
-0.04320308717595313 , 0.16192521131195617 , 1.5092177062337373
-0.0485259562538191 , 0.16011474974890422 , 1.5094253795533397
-0.05380141086800661 , 0.15830351979039942 , 1.5096081822554164
-0.059732053373123296 , 0.15624721624574223 , 1.5097862549844037
-0.06526310296255737 , 0.15431021964828728 , 1.5099260915809551
-0.07118452910648031 , 0.1522158794465163 , 1.5100476501340427
-0.07657521755145905 , 0.1502906593953532 , 1.510132930105465
-0.08266191142085279 , 0.14809551421738743 , 1.5102000523589894
-0.08852422798941335 , 0.14595982427487647 , 1.5102353603495013
-0.09424996526041 , 0.14385350733346047 , 1.510241962777891
-0.0995774371308735 , 0.14187556410647598 , 1.5102232788084877
-0.10546691834049662 , 0.13966856543684286 , 1.5101746768723772
-0.11117602861542812 , 0.1375086609341465 , 1.5100994533587302
-0.11647397450593086 , 0.13548498745480894 , 1.5100052978396294
-0.12175032366479963 , 0.13345464923887984 , 1.5098866873029575
-0.12739857098302249 , 0.13126064465301734 , 1.5097337700150493
-0.13312723195235324 , 0.12901501847930164 , 1.5095506056743415
-0.14053846072714687 , 0.12607927341308434 , 1.5092715179983869
-0.14607846258361604 , 0.12386217748969945 , 1.5090317189793636
-0.15148218757998688 , 0.12168094650775264 , 1.5087720062782142
-0.15739719627572113 , 0.11927213120551892 , 1.5084583730624836
-0.16294145404206592 , 0.11699114729665008 , 1.5081371729986768
-0.16825632842073568 , 0.1147919617714806 , 1.507802280388812
-0.1738043147747834 , 0.1124739552981559 , 1.5074267091218174
-0.1792589040659608 , 0.11017572790189696 , 1.5070306844182486
-0.18509174790376332 , 0.10769694684690657 , 1.5065776836966602
-0.19053069467191935 , 0.10536577064006608 , 1.5061276603852343
-0.19587639089331418 , 0.10305588899212664 , 1.5056592584840605
-0.20112906078773848 , 0.10076811157204926 , 1.505173689663834
-0.20697067882182746 , 0.09820268288939708 , 1.5046040549923163
-0.21241989235183764 , 0.09578944390166162 , 1.504044418465421
-0.2174124515362631 , 0.09355555943918674 , 1.5035086234900938
-0.2231654310136183 , 0.09097342344772551 , 1.5028603363498363
-0.22867354945366353 , 0.08847514852542313 , 1.5022116679526372
-0.23391884180886152 , 0.08607733436513794 , 1.5015674826904872
-0.23961972882850247 , 0.08345042593822935 , 1.5008378970304668
-0.2452260916541102 , 0.08084582891998249 , 1.5000903214938694
-0.2504859727931302 , 0.07838296364466282 , 1.4993616618558208
-0.2557787130400919 , 0.07588583424449644 , 1.4986016317398643
-0.26114584288796305 , 0.07333418597972559 , 1.4978032874909415
-0.2664613137233575 , 0.07078773648985025 , 1.4969850399535263
-0.2722260271906535 , 0.0680041908603812 , 1.4960664114951097
-0.27739586053899656 , 0.0654884330922907 , 1.4952147708837695
-0.2828886199146076 , 0.06279527753956932 , 1.494280937640576
-0.2875819431624753 , 0.060477483603200086 , 1.4934592044228177
-0.2930953871988051 , 0.057735026871771 , 1.492465670301291
-0.2981839941511044 , 0.05518496360200964 , 1.491521478413684
-0.30383998881505014 , 0.052329133867294125 , 1.4904411439303649
-0.3091953346677757 , 0.049604203135208275 , 1.4893880820651546
-0.3144159882211716 , 0.04692812732572303 , 1.4883330750968182
-0.3192157301795125 , 0.044450575590351746 , 1.4873381951179403
-0.3244557922756045 , 0.041726787221504774 , 1.4862245890798413
-0.32984748998440944 , 0.03890341704035 , 1.485048631256314
-0.3350639081185043 , 0.03615167533359612 , 1.4838816089034257
-0.3406745745725347 , 0.03316970105736912 , 1.4825939833050954
-0.34598773234813485 , 0.030324449859190944 , 1.481343440294732
-0.35294443731540354 , 0.02656737643128156 , 1.4796597877134054
-0.3586307134664182 , 0.023469542102618136 , 1.4782442868903993
-0.3634581632054182 , 0.02082048260557628 , 1.4770145779161248
-0.36931658711424453 , 0.017581952372646495 , 1.4754874253807848
-0.37435912515631575 , 0.014773474937551632 , 1.4741421326198028
-0.37970808503603987 , 0.011772984730371062 , 1.4726836577228248
-0.3852017488243186 , 0.008668287509891213 , 1.4711517587942347
-0.390600769784318 , 0.005594170898220199 , 1.469612419698261
-0.3957475038556222 , 0.0026424102007029174 , 1.4681135137402892
-0.40052541852255424 , -0.00011655707725861594 , 1.4666942679898352
-0.4059204190756033 , -0.0032536904488517336 , 1.4650593225369106
-0.41102517723008375 , -0.006243528947089667 , 1.463480417011857
-0.41627198678276695 , -0.009338495001586351 , 1.4618249361294655
-0.42165932050100935 , -0.01253966125100839 , 1.4600903692856764
-0.4267969843998706 , -0.015614645593876453 , 1.4584030819132883
-0.43242305476852516 , -0.019006983846879336 , 1.456517953312129
-0.4372195768901337 , -0.021919962965843413 , 1.454879575782786
-0.44231047805054596 , -0.025032866532185435 , 1.4531089195108544
-0.44730891228705283 , -0.028110582259093533 , 1.4513383372929674
-0.4525901269502947 , -0.031408612545534856 , 1.4494330693602584
-0.4575266240182478 , -0.034468548559436665 , 1.4476187193355052
-0.46289595617686047 , -0.037845847545004876 , 1.445609402305413
-0.46805729544221186 , -0.04111612723273548 , 1.4436419104627867
-0.47274803440010843 , -0.04410864974857859 , 1.4418228736170071
-0.47798882980896384 , -0.04747529037460132 , 1.439755319861282
-0.48272347924372716 , -0.05053802458602501 , 1.4378551673483047
-0.4875175727184277 , -0.05365993577426848 , 1.435899607919853
-0.49225843939905833 , -0.05676787224991747 , 1.4339342170257183
-0.49709489297957565 , -0.05995985876030345 , 1.4318965357587732
-0.5018405991687904 , -0.06311313927189524 , 1.4298646788345373
-0.5068080035643165 , -0.06643638162834598 , 1.4277031411451904
-0.51192615037065 , -0.06988485065872221 , 1.425438405598427
-0.5173132419032407 , -0.0735415819099357 , 1.4230129372778915
-0.522313102351859 , -0.07696060484270742 , 1.420723048738403
-0.5279210971418264 , -0.08082464143362734 , 1.4181096599104135
-0.5337560271522406 , -0.08487816779765561 , 1.4153393507597736
-0.5402585369913946 , -0.08946622007435052 , 1.4121883849474002
-0.5464230953473972 , -0.09379631937008912 , 1.4091420398463024
-0.5534864518815974 , -0.09884091742680018 , 1.4055749686368297
-0.5600101321665739 , -0.1035465815621407 , 1.4022079833805863
-0.5660507793817087 , -0.10794423960915484 , 1.399027163984702
-0.5729130548661207 , -0.112987922984397 , 1.3953387309550687
-0.5791463226687612 , -0.11761410783447004 , 1.3919180333639707
-0.584646833109826 , -0.1217324382543157 , 1.3888428449957806
-0.5891404487792398 , -0.12512227369256662 , 1.3862905696536243
-0.5935514360361425 , -0.12850745020924398 , 1.3837467853455836
-0.5974623728761114 , -0.13146135012047258 , 1.3814671367542863
-0.6002976507097177 , -0.13363954051420057 , 1.3797946340880622
-0.6030012009242219 , -0.13572543145735858 , 1.3781858286746052
-0.6049853796740875 , -0.13726193004740994 , 1.3769963208508937
-0.6061787238697424 , -0.1381884190301716 , 1.3762772989659664
-0.6068365902977128 , -0.13870009585557552 , 1.375879723795869
-0.6069372128539516 , -0.1387786108042026 , 1.3758188043384574
-0.6001570330477248 , -0.12771817802757457 , 1.381133334011235
-0.5526014548331749 , -0.06162560203559111 , 1.4122224859454346
-0.46960520804127415 , 0.022310357201860705 , 1.4499914521003474
-0.32882018931145107 , 0.11206842433635511 , 1.4876433555831443
-0.19167092104923178 , 0.15781196462980998 , 1.5039549664383636
-0.11499285686612792 , 0.16892158338268903 , 1.5051874373739529
-0.10702800790404057 , 0.16905995632016693 , 1.5027130607568475
-0.13040993985522176 , 0.16590040427245745 , 1.4992540720813532
-0.15718169067555052 , 0.16068450641922893 , 1.4948851117414454
-0.1877122014231317 , 0.15276564051780697 , 1.4892524924433974
-0.21724798648035507 , 0.14297981759455947 , 1.4831011249525012
-0.25322551348439953 , 0.12803368183818267 , 1.4745780792376524
-0.288072598710607 , 0.1100785787714549 , 1.4650988184639406
-0.3272329003488262 , 0.08524862037589306 , 1.4527431424860713
-0.3633346406673241 , 0.05719529518408067 , 1.4393839692513692
-0.3991102960532466 , 0.02330773806092537 , 1.4237218130410203
-0.42776990147054167 , -0.009545610792624639 , 1.408819770067056
-0.4515666982085414 , -0.04193452428589095 , 1.3942354280149976
-0.4695254195225292 , -0.07063772277706354 , 1.3813518116240924
-0.48744058173165405 , -0.10442262427039127 , 1.3661630986176692
-0.5016484233722583 , -0.13664410870932875 , 1.3516029549851112
-0.5124188970811087 , -0.16611324693433133 , 1.3381844222842403
-0.5206075206057299 , -0.19330152310276444 , 1.3256932353300996
-0.5257191499074917 , -0.21375197498363185 , 1.3162142080552677
-0.5294819707028762 , -0.23163327632686992 , 1.307857885231203
-0.5323509429070272 , -0.24792149091015075 , 1.300185748649786
-0.5352572471036711 , -0.268722358323839 , 1.2902977434081735
-0.5366334657154079 , -0.28155480304884495 , 1.284143628120742
-0.5374254951104097 , -0.29074145622897807 , 1.2797113420474138
-0.5378071132600045 , -0.2960134121537222 , 1.2771578234447478
-0.53403557600784 , -0.30583712148675496 , 1.3435051651400483
-0.5215797299435322 , -0.3037017245503536 , 1.3837603546474162
-0.4977786204931415 , -0.28810874161166883 , 1.3994533564012428
-0.47741352887249255 , -0.267870392304272 , 1.3875159474996246
-0.47107067612466647 , -0.25411005194551617 , 1.3732331688183352
-0.477748389006697 , -0.24759153280861498 , 1.3665406199389594
-0.48982568301791407 , -0.2411791360062383 , 1.360846039028436
-0.5064528097081044 , -0.23145629328150238 , 1.3527911979031342
-0.5244941532341559 , -0.21966816756900143 , 1.3437362386819824
-0.5429018961031754 , -0.20614447263499414 , 1.3341126203149716
-0.5626511590338108 , -0.1900195942102964 , 1.323280297889819
-0.5827352909460927 , -0.17146429978789737 , 1.3116320771661074
-0.6031477393701297 , -0.15012794702461582 , 1.2989987646857262
-0.6247863871164346 , -0.12426671979583896 , 1.2845103293887135
-0.6455547540103241 , -0.09544583145046737 , 1.2692123591888098
-0.6663299691865666 , -0.061821357541964723 , 1.2520648287863008
-0.6841906335928198 , -0.027240789628683225 , 1.235150975401316
-0.7026453243488433 , 0.016875214610695133 , 1.2143000972320093
-0.7175281756116029 , 0.06348101144171178 , 1.192903355166965
-0.7293911496371746 , 0.11685501459491618 , 1.1689291689512173
-0.735393582204821 , 0.16251057711308386 , 1.1488620873674669
-0.7382456898712306 , 0.21253902303047204 , 1.126609033086759
-0.7370390112306294 , 0.2606455718550294 , 1.1054032226158195
-0.7328869241980133 , 0.3033917756377055 , 1.0864565542055444
-0.7264843485336295 , 0.34275486374843855 , 1.0688618292365863
-0.7174608284260408 , 0.38258362593736817 , 1.0508388364527572
-0.7052679180340188 , 0.42387500279410334 , 1.0318869133965753
-0.6931890135931642 , 0.4575960473486308 , 1.0160684532353574
-0.6794724978207387 , 0.49054948862631514 , 1.0002417412006173
-0.6651161131623152 , 0.5204403855524156 , 0.9856577105425257
-0.6520317697118527 , 0.5451251136785682 , 0.9732540123195842
-0.6390911654599557 , 0.5673297949638765 , 0.9619037174695262
-0.6281756689208806 , 0.584730290770937 , 0.9528332193562137
-0.6179786510933354 , 0.6000408544431327 , 0.9447109724179973
-0.6085544075750438 , 0.613472464774848 , 0.9374671256808456
-0.5986210499714102 , 0.6269580013453288 , 0.9300737079969971
-0.5913323299679929 , 0.636451990369931 , 0.9247909875415671
-0.5844097971476526 , 0.645177359403571 , 0.9198757282255032
-0.5798186666108196 , 0.6508158914519081 , 0.9166672100770479
-0.5780481321858174 , 0.6529599344854504 , 0.915440362426246
-0.577816641959197 , 0.6530183337509468 , 0.9159267674065042
-0.5712164002530452 , 0.6515599732561306 , 0.9367855080358483
-0.5508677113482918 , 0.6452103543688872 , 0.9900678138488332
-0.5132273678826199 , 0.6292663101071782 , 1.0649393845764605
-0.46733244690529274 , 0.605756663986817 , 1.1335456959927352
-0.4245317266554156 , 0.5817209210232941 , 1.1820189644291912
-0.39858633208269084 , 0.567281438007852 , 1.2023092534732676
-0.3752343538145921 , 0.5542689550790403 , 1.2164867751897348
-0.34543722503580465 , 0.5368174805622601 , 1.2335744574795833
-0.3088952398151358 , 0.5141045774156289 , 1.253006840736106
-0.2711531735904502 , 0.4890984203320206 , 1.2713180816569014
-0.22784153564123188 , 0.45841216421432746 , 1.290109394609843
-0.18325430943251916 , 0.42448673466332865 , 1.306936063654298
-0.13449329440215738 , 0.38461280490477645 , 1.3222635177231232
-0.08739928877155297 , 0.3430823477396213 , 1.333894064271968
-0.03553551754703133 , 0.2936384401923398 , 1.3427997235567208
0.015461354576669105 , 0.24081155058799097 , 1.3471532992279536
0.06963991370263074 , 0.17945512992605933 , 1.346316999019136
0.11975910987088649 , 0.11703540591432857 , 1.3396221631421739
0.16918046308704524 , 0.04895801843573308 , 1.3261398073653696
0.21838213265204207 , -0.02708896775822119 , 1.3038721089994163
0.26075414484385895 , -0.10157784923559057 , 1.2748647553098948
0.2956426203940099 , -0.17193005264282385 , 1.240851203033199
0.32736348577796537 , -0.2468704100102372 , 1.197173092846409
0.3505450583817967 , -0.3128639216485167 , 1.1517581314526082
0.36800209108471144 , -0.37464337225474414 , 1.102541030247051
0.3790897479718859 , -0.4259650377534424 , 1.0560345181394193
0.38655473946565255 , -0.4750136588983337 , 1.0054999424041786
0.3900078631868022 , -0.5157309715148214 , 0.958346799876873
0.390663631956426 , -0.55091720572079 , 0.9127490881443066
0.3891215211356153 , -0.5816316760006549 , 0.868277473385708
0.38448445341587234 , -0.6158751458754895 , 0.8118630758749539
0.3804533034397387 , -0.6339419511369618 , 0.778194802127456
0.37508413463893814 , -0.6517281716394432 , 0.7414433281869506
0.3695180636035105 , -0.6659140739380662 , 0.7087119891428248
0.36456176527554657 , -0.6761781098408082 , 0.6824852073291343
0.36037517384665185 , -0.6835633919575285 , 0.661875858144651
0.3560964324003048 , -0.6901361244341242 , 0.6419579381428886
0.35237138391357653 , -0.6951803812188674 , 0.6253967707720625
0.34932373514146164 , -0.6988969739515802 , 0.6123094004803988
0.3471027725405005 , -0.7013944963952706 , 0.6030056474065685
0.3461261192567024 , -0.7024398691815616 , 0.5989725879657919
