1.1777806804277582 , -0.06739120349863703 , 0.5554635037125873
1.1780031213214888 , -0.06503210341729038 , 0.5539865868240349
1.178279029677257 , -0.06150178890164222 , 0.5519208756089297
1.1787092113101185 , -0.056852728931126216 , 0.5488614500393738
1.1791769737448592 , -0.050664511541713225 , 0.5449819869957039
1.179655835041701 , -0.04336073870872593 , 0.5404022038257236
1.180102805847774 , -0.035085075753708124 , 0.535212124516919
1.1804854940766636 , -0.025739100324811255 , 0.5293495331930155
1.1807535271658158 , -0.015624655527750227 , 0.5230026142103243
1.180870890588484 , -0.005020201182488998 , 0.5163442350220275
1.1804845951692846 , 0.0198016097283637 , 0.5007308369500723
1.1799715585812394 , 0.03159743147079502 , 0.4932889485224715
1.1791099325322782 , 0.0452054646410002 , 0.48467666386023495
1.1779851545785622 , 0.05846462748417164 , 0.4762468575718898
1.176623518458657 , 0.07125428842913444 , 0.4680659333733658
1.1749863173899626 , 0.08396960950238931 , 0.4598648951259915
1.1732657345955029 , 0.09533570121591711 , 0.45245246031624065
1.1715887247096468 , 0.10501603987525518 , 0.44605050788585676
1.1697734173898648 , 0.11427893174435577 , 0.43980789643465656
1.1680575858024567 , 0.1220339516666721 , 0.4344393026155817
1.1665513651091552 , 0.1280726681175789 , 0.4301007031890033
1.1651316958026583 , 0.13304292455289546 , 0.4263235490254028
1.1638742351728504 , 0.13669037814213442 , 0.4232623452804923
1.1628786634034434 , 0.13873529212997202 , 0.421298549285935
1.162196642927904 , 0.13943610995600675 , 0.41985394723021
1.1616774744173572 , 0.13888306297145842 , 0.4192069092976457
1.161402568959873 , 0.13739218821487903 , 0.4192060910417476
1.1612626488459354 , 0.13454778283245736 , 0.4198059701809104
1.1611873861511803 , 0.07468471007844579 , 0.4396123680584179
1.161073977369877 , 0.07091064317001664 , 0.4408722642112525
1.1609417903855326 , 0.06699462293742285 , 0.4421797021515023
1.160793472198602 , 0.06304460904394764 , 0.4434986640268447
1.1606239608654392 , 0.05895306614634194 , 0.44486508704604794
1.1604349833752967 , 0.054792007697325534 , 0.44625495678394034
1.1602256956718187 , 0.05056162015602868 , 0.44766824363621044
1.1600032086994096 , 0.04640537464912353 , 0.449057037418756
1.1597683972795367 , 0.04232321201837998 , 0.4504213637062323
1.1595175818975554 , 0.03824351687716833 , 0.451785169738118
1.159260410632904 , 0.034309369013768964 , 0.45310062784584293
1.1589624130343545 , 0.030404016103210835 , 0.45454973732005444
1.1587094916956528 , 0.026555510123744394 , 0.4556942350955039
1.1583539857785892 , 0.02229834589879033 , 0.45726152817872073
1.1581476648925075 , 0.019382148082172562 , 0.45809490206177905
1.1577886614142463 , 0.015103724433553137 , 0.4595273489676315
1.1574441060843859 , 0.011184662784680527 , 0.4608399058618629
1.157035203367179 , 0.007045921516694451 , 0.46236877348086747
1.1566724514327238 , 0.0029637039157389133 , 0.463594649882565
1.1563074098782447 , -0.000697843478863508 , 0.46482224231605507
1.1558508112507153 , -0.0051024899651574 , 0.4662995340137927
1.15540674735268 , -0.009219502287147574 , 0.4676809342625254
1.1549947299996208 , -0.012907711933691224 , 0.4689189506998143
1.1545321878915247 , -0.016911919746941707 , 0.4702635865465169
1.1540283654131938 , -0.021125098148796984 , 0.47167903522940613
1.1535995343343406 , -0.024641272245680156 , 0.47284425616958076
1.1530152251833927 , -0.029186699089710763 , 0.4743893062650897
1.152453809280799 , -0.03322013636035272 , 0.47588738904805994
1.1519296508076577 , -0.03730430957326108 , 0.4771210996605139
1.1514178740356396 , -0.04096988758321037 , 0.47835559839773595
1.1509237278992486 , -0.04442108094645235 , 0.47951844843401104
1.1503553435762222 , -0.04829145464491323 , 0.48082319242892996
1.1497724557671707 , -0.05215815994558118 , 0.48212741024827804
1.1491145516721177 , -0.056407228745354726 , 0.4835614399781357
1.148405203986682 , -0.06086205916064816 , 0.48506588887026336
1.1477926262812752 , -0.06461135244880542 , 0.48633286636207035
1.1471249649777011 , -0.06860184860417384 , 0.487682174523503
1.1464963352108521 , -0.07227352879300199 , 0.4889244494727979
1.1457169744732287 , -0.07654217695260435 , 0.4905117006873999
1.145067273877774 , -0.08033822273595108 , 0.4916557288862304
1.1443645467858494 , -0.08417214775643866 , 0.4929555005061488
1.1436079914191541 , -0.08821063224244116 , 0.4943255806593872
1.1428084518261232 , -0.09221617404713332 , 0.49582477355527976
1.142095276082582 , -0.09603029281714273 , 0.4969813348203545
1.1413270510650215 , -0.09988125611504824 , 0.49829066269327826
1.1405728102740809 , -0.10358915870894411 , 0.4995522772989733
1.1397254638603935 , -0.107673303652324 , 0.5009429850391057
1.1388839766860666 , -0.11164855956619782 , 0.5022977226202893
1.138079638412627 , -0.11537724120854312 , 0.5035694449403195
1.1372311379183004 , -0.11923925481402138 , 0.5048877005089715
1.1363602576543623 , -0.123130771115457 , 0.5062171386712421
1.1354903397998017 , -0.12694848192189725 , 0.5075224705142521
1.1345498854492335 , -0.13100152678501759 , 0.5089094920552011
1.1336423338518642 , -0.13484325319358476 , 0.510225385951771
1.1326845561194743 , -0.13868503082318998 , 0.5116803514837681
1.131809030193885 , -0.1424086227689213 , 0.5128202018748049
1.1308669964785982 , -0.14620070719828873 , 0.5141226131705418
1.129910799708751 , -0.1499875551016433 , 0.5154244421087807
1.1289932783752665 , -0.15356483700643045 , 0.5166553642803373
1.1280274476626262 , -0.15727333308652047 , 0.5179326240960478
1.1270208889053905 , -0.16107846886502594 , 0.5192444475282314
1.1260642438515072 , -0.16464073444022642 , 0.5204737369394042
1.1250950461103801 , -0.1681980644204808 , 0.5217024973048141
1.1239720516681335 , -0.1722574791492639 , 0.5231061450827507
1.1228996375609528 , -0.1760740797250459 , 0.5244272778045482
1.1216480166105052 , -0.18045756333191432 , 0.5259463998649976
1.1205740514901308 , -0.18416050367707124 , 0.5272311693457593
1.1194665567600843 , -0.18792490756386537 , 0.5285386921688715
1.1183751893086924 , -0.19158274482536025 , 0.5298106030886566
1.1172806916431102 , -0.19520139247859244 , 0.5310702703953227
1.1162175780667603 , -0.1985501657545032 , 0.5323732567864692
1.1151047267522125 , -0.20225478836342348 , 0.5335296301525217
1.1139400940278785 , -0.20595654614937084 , 0.534822533328915
1.1127297233581324 , -0.2097519632680977 , 0.5361497435237408
1.1115589550941634 , -0.21337480642356094 , 0.5374181379643042
1.1102438929661662 , -0.2173894368682608 , 0.5388254776179399
1.10892910367793 , -0.2212335270814186 , 0.5403101209253957
1.107800304255649 , -0.22470254793271455 , 0.5413940141335172
1.1065301119229773 , -0.22843203129630035 , 0.5427063888095448
1.1052573459042947 , -0.23212189265947708 , 0.5440065131609255
1.1039824074256637 , -0.23577225351202918 , 0.5452944023335639
1.1026823579014007 , -0.23944883097128325 , 0.5465932597033499
1.1014158084668628 , -0.24298770559651642 , 0.5478451240657788
1.1001365947363742 , -0.24652024988632043 , 0.5490963925126449
1.0988687851246992 , -0.24998117338813391 , 0.550323908258101
1.0975002505002456 , -0.25356728976995035 , 0.5517318269489232
1.096112957389642 , -0.25737188516943293 , 0.5529507012083589
1.0945717646002762 , -0.2614293709170619 , 0.5543960373617874
1.0931641127946445 , -0.26508974561886867 , 0.5557019243198624
1.0918059893816703 , -0.2685813655757857 , 0.5569494083565399
1.090448177265979 , -0.27203406163508953 , 0.5581847420848411
1.089039603612928 , -0.2755766706558949 , 0.5594540875734003
1.0868244422981914 , -0.28106982570010797 , 0.5614260831126624
1.0855541519630407 , -0.2841781939505343 , 0.5625440168054194
1.0840485626990228 , -0.2878242078425551 , 0.5638572424334284
1.082582856318113 , -0.2913349482239897 , 0.5651237382003458
1.0810234687656617 , -0.29502931470478533 , 0.5664586201595821
1.0793682571397092 , -0.2989059906368654 , 0.5678617753442767
1.0777250582695799 , -0.30271027002856754 , 0.5692411532273227
1.0762333955889603 , -0.3061265684297303 , 0.5704819345078765
1.0745903148658447 , -0.30975535123583275 , 0.5719364854898652
1.0730306127411728 , -0.31334649663153574 , 0.5731107779601415
1.0714445154819663 , -0.3168657122998405 , 0.5743954711931247
1.0698885456662826 , -0.32028307329693023 , 0.5756451014191237
1.0682626459690177 , -0.32381788684296103 , 0.5769399092725995
1.0665654717060014 , -0.3274692374940426 , 0.5782798192272124
1.0648984301142341 , -0.3310185037472271 , 0.5795846544164356
1.0631886251668792 , -0.3346214108334242 , 0.5809116519156472
1.061569612139635 , -0.3379989210033014 , 0.5821578995746354
1.059863534386362 , -0.3415230392906129 , 0.5834606156991733
1.0581141372261467 , -0.34510019488493593 , 0.58478545110052
1.05644279174892 , -0.3484840852568858 , 0.586041073483872
1.0547286623273109 , -0.35192120995870557 , 0.5873188363947555
1.0530020660110686 , -0.35534991966969454 , 0.5885959023239843
1.0513720960178905 , -0.3585566485279984 , 0.5897925170183019
1.0495744002355825 , -0.36206019612921597 , 0.5911023885473126
1.0476214341742707 , -0.3658278199305464 , 0.5925139420228981
1.0458922622932059 , -0.3691309638231087 , 0.5937540301068517
1.044087378484484 , -0.37254666172692985 , 0.5950389199221552
1.0424152573659715 , -0.3756824778179053 , 0.5962208365869768
1.0406027716058088 , -0.37905106609560096 , 0.5974929855938902
1.0387781525990871 , -0.38241085029063665 , 0.5987644231673601
1.0369249895426529 , -0.38579166159464184 , 0.6000464900366297
1.035142362857891 , -0.3890144129798087 , 0.6012711480214585
1.033281922204083 , -0.39234773902528486 , 0.6025404596891694
1.031426289895434 , -0.39564243054254156 , 0.603797729216172
1.029474560991297 , -0.3990760431300201 , 0.6051108763698373
1.0274931045722029 , -0.4025293805562619 , 0.6064345589422051
1.0255671363791248 , -0.40585519062445186 , 0.6077122372656019
1.0237151768479658 , -0.4090251047924394 , 0.6089326905319236
1.0218176997092754 , -0.41224490046102036 , 0.6101750492338904
1.0197696815296693 , -0.4156889176696066 , 0.6115069790073374
1.0179714324248474 , -0.4186866805652203 , 0.6126689321890961
1.0158287685079872 , -0.42222718147414323 , 0.6140444241462429
1.013902817858182 , -0.42538097111922013 , 0.6152726097568384
1.0119481405106048 , -0.4285546144010203 , 0.6165113557464936
1.0098748584801813 , -0.43189143720065776 , 0.6178168980271992
1.007969591155481 , -0.4349316496516804 , 0.6190091992331205
1.0058910283800233 , -0.4382202785775134 , 0.6203019818578639
1.003909881974668 , -0.44132795170416494 , 0.6215265910913494
1.0018630719918546 , -0.44451160954570645 , 0.6227841695796188
0.9997128814634212 , -0.4478270131078264 , 0.624097091805669
0.997541775476579 , -0.4510669566292078 , 0.6255113529310916
0.9956095471869137 , -0.45399551682764244 , 0.6266768230229756
0.9937323559236677 , -0.45689628178980324 , 0.6277062058090476
0.9916306906056621 , -0.4600317002437993 , 0.6289600904599731
0.9894423583943254 , -0.4632686263387569 , 0.6302579595900741
0.9873753637563282 , -0.466300468864833 , 0.6314767681296375
0.9852216018838257 , -0.4694335543190824 , 0.632739543951105
0.9829991541274331 , -0.4726391667770483 , 0.6340350385100707
0.9807844105920435 , -0.4758064467297612 , 0.6353185567738261
0.9786165299523238 , -0.47888082061520737 , 0.6365678165939492
0.9764769265584795 , -0.48189037930571915 , 0.6377940217332234
0.9742878444045974 , -0.48494452085703693 , 0.6390417597244159
0.9719628753494485 , -0.48808632636517096 , 0.640455628894795
0.9698382923444918 , -0.49107603537639954 , 0.6415571691704948
0.9675576626037837 , -0.49417989668287915 , 0.6428359252638695
0.9654856691952859 , -0.4969774345588498 , 0.643991661311304
0.963163992922102 , -0.5000871560777262 , 0.6452799606358913
0.9608513422965774 , -0.5031589841758709 , 0.6465563288016891
0.9587302819399566 , -0.50595402094708 , 0.6477209893033417
0.9562279438264646 , -0.5091515766371527 , 0.6491833437460709
0.9540730656330143 , -0.5120176661675812 , 0.650258670128042
0.9519234076455597 , -0.5147831065012574 , 0.6514211372985428
0.94943514291393 , -0.5179583237656707 , 0.6527598833435904
0.9473698469141267 , -0.5205730439148385 , 0.6538655893365541
0.945379639042628 , -0.5230751227434425 , 0.6549264735284024
0.9429441552874299 , -0.5261138311440474 , 0.6562186383658847
0.9403877990799293 , -0.5292050199388131 , 0.6576628247197541
0.9383142649541109 , -0.5318213968965718 , 0.6586570261643747
0.9357419705722906 , -0.5349540469606788 , 0.6600017739314933
0.9332641990100145 , -0.5379461364409801 , 0.6612905172810755
0.9307118721809281 , -0.5410025209386495 , 0.6626113961949882
0.9283838872463099 , -0.5437677943817132 , 0.6638103948249356
0.9259608547800845 , -0.5466235117761656 , 0.6650525879027052
0.9235712270472902 , -0.5494177139967501 , 0.6662719951709073
0.9211897702191172 , -0.5521112188767382 , 0.6675759505722295
0.9188726665627915 , -0.5548487140669908 , 0.6686535845858419
0.9164337536174619 , -0.5576354151097831 , 0.669881599563173
0.9139635784426955 , -0.5604356378242802 , 0.6711197538219762
0.9116342158621632 , -0.562987265495637 , 0.6723760830600649
0.9091051927222092 , -0.5658790652441372 , 0.6735388742704076
0.9065407228790562 , -0.5687186396831723 , 0.6748073626793827
0.9028760900684372 , -0.5727367088681719 , 0.6766101588160258
0.900220875153705 , -0.5756192357937668 , 0.6779092438936768
0.897709461939859 , -0.5782555022492509 , 0.679225579186924
0.8950801062682086 , -0.5810653649622959 , 0.6805010314698732
0.8926465692545706 , -0.5837122809192765 , 0.6815831368543984
0.8900207554694881 , -0.5864738961557374 , 0.6828459948079597
0.88756755166104 , -0.5890339084593242 , 0.6840209574478514
0.8849692401374718 , -0.5917244489506261 , 0.6852603547097504
0.8824993777140602 , -0.5942622726907499 , 0.686433721897691
0.8797686582813967 , -0.5970460273797326 , 0.6877256969188591
0.8771897216275519 , -0.5996539783248201 , 0.6889408078718072
0.8748104955247656 , -0.6020420175206614 , 0.6900575335951193
0.8718438050940608 , -0.6049958293254825 , 0.6914443159311335
0.8688183041825432 , -0.6079155571558873 , 0.6929442702621499
0.8661805031170909 , -0.6104966126478899 , 0.6941664503086462
0.8634882700320221 , -0.613175414433406 , 0.6953171067661146
0.8609274737961284 , -0.6156417908839418 , 0.6964945302009388
0.8583825279364933 , -0.6180744175274046 , 0.6976603558499759
0.8556879975213368 , -0.6206301503148329 , 0.6988900885906147
0.8531513113321108 , -0.6230176759933502 , 0.7000435053546041
0.8504168075850399 , -0.6255715051853366 , 0.7012822868866575
0.8476499587494402 , -0.628070383662256 , 0.7026221186000733
0.8449706779069798 , -0.6305329544494291 , 0.7038266427824835
0.8424515076717075 , -0.632894921578424 , 0.704864255034024
0.8397087401769654 , -0.6353774911293275 , 0.7060887623565385
0.8368618068940965 , -0.6378697077288106 , 0.7074457627757937
0.8343203763462451 , -0.6401973832085729 , 0.7084814765132494
0.8318942244566703 , -0.6423430962810494 , 0.7095533247373867
0.8290723246129653 , -0.6448199305036398 , 0.7107957993778496
0.8261446327087054 , -0.6473683619775015 , 0.7120801335127271
0.8235268859583864 , -0.649628842752699 , 0.7132244854393375
0.8209760585661718 , -0.6518151989103104 , 0.7143359869398264
0.8181480556496842 , -0.6542204456982903 , 0.7155641705530842
0.8153123653715273 , -0.6566126868444244 , 0.7167914276177346
0.8127660977760729 , -0.6587442400058632 , 0.717889835007156
0.8099904502278384 , -0.6610501582797498 , 0.7190833730115643
0.8069837563124379 , -0.6635274287456265 , 0.7203718270658189
0.804168408016396 , -0.6658278079050156 , 0.7215741606780157
0.8012709007981508 , -0.66817606756909 , 0.722807475087891
0.7983408696081622 , -0.6705310069345655 , 0.7240504554166195
0.7954536031270534 , -0.6728323905247174 , 0.725271240852172
0.7929622775290708 , -0.6748030009730005 , 0.7263214241971281
0.7904404140116148 , -0.6767835613698376 , 0.7273815062752919
0.7876095665741969 , -0.6789898911541232 , 0.7285679505627999
0.7845437526917584 , -0.6813593634019255 , 0.7298487257885657
0.7816991057091276 , -0.6835394712496599 , 0.7310333016154124
0.778847914753715 , -0.685706941116796 , 0.7322169767164022
0.7759646938907859 , -0.6878809339535575 , 0.7334103058181093
0.7734844959040162 , -0.6897368097008122 , 0.7344339339648133
0.7704095950921929 , -0.69201955650123 , 0.7356993380471438
0.7677645215041478 , -0.6939672688924161 , 0.7367846459378288
0.7649596003490178 , -0.6960167060374138 , 0.7379323384882708
0.76220043013253 , -0.6980167850650008 , 0.7390581336971415
0.759125232009385 , -0.7002274737745147 , 0.7403092085153806
0.756146873468407 , -0.7023501260128748 , 0.7415172502068733
0.7533440207791959 , -0.70433126858205 , 0.7426508800450119
0.7505095884306593 , -0.7063186528751411 , 0.7437941417543893
0.7475391467226595 , -0.7083841756470053 , 0.744988915631265
0.7446149135890546 , -0.7104004730994172 , 0.7461617998917195
0.7417372598569815 , -0.7123682172261754 , 0.747312842231493
0.7388016016434674 , -0.7143589447770198 , 0.7484838971033329
0.7358602673754318 , -0.7163367458578395 , 0.7496540265710486
0.7329659891574813 , -0.7182666300352338 , 0.7508023585050055
0.7297293551892776 , -0.7203469110529888 , 0.7521689104373867
0.7267913040174904 , -0.7223304158354272 , 0.7532421920363568
0.7240393518199748 , -0.7241183435957537 , 0.7543252573361999
0.7211501160884827 , -0.7259801892457289 , 0.7554595290289767
0.718076420115566 , -0.7278853667255222 , 0.7567485129101967
0.7150903406597703 , -0.7298347817337003 , 0.7578292678545312
0.7121856960383812 , -0.7316584373472581 , 0.7589607958763022
0.7093830363530745 , -0.7334034620762688 , 0.7600499578518745
0.7062548073786508 , -0.7353343696152979 , 0.7612626204098369
0.7033891454433073 , -0.737087726486826 , 0.762370735294659
0.7011899585703905 , -0.7384233195986378 , 0.7632193611184194
0.6980206481338925 , -0.7403329226660177 , 0.7644396641026283
0.6950882679182554 , -0.7420839195005365 , 0.765565958253807
0.6919086371199356 , -0.7439654507175022 , 0.766784235308818
0.6889668431036556 , -0.7456904900200438 , 0.7679086547835724
0.6859394626698405 , -0.7474500045429802 , 0.7690630814733164
0.6830429142664948 , -0.7491186477225534 , 0.7701650797573003
0.6798980248247068 , -0.750914029339522 , 0.7713587836718623
0.6769656799978244 , -0.7525728473791669 , 0.7724692396893013
0.6738115211420519 , -0.7543408402283545 , 0.7736609581072803
0.6703256151638828 , -0.7562752460779042 , 0.7749747613425657
0.6673527013925284 , -0.7579088678795091 , 0.7760925555735857
0.6643210955332122 , -0.7595595540074545 , 0.7772299210420373
0.6612579994366655 , -0.7612118963086272 , 0.7783765713296796
0.6581729056201511 , -0.7628039492340366 , 0.7796116379955335
0.6551468956879913 , -0.7644622602320298 , 0.7806567509935776
0.6521540293297101 , -0.7660318169913236 , 0.7817698786487934
0.6490198646344094 , -0.7676598805156466 , 0.7829330817991378
0.6458816616387648 , -0.7692741405953016 , 0.784095275771877
0.6427394838101673 , -0.7708745876825309 , 0.7852564588667509
0.6395657802441799 , -0.7724750691073646 , 0.7864268018343052
0.6364540363149638 , -0.7739728814484513 , 0.7876536281634771
0.6336218832637027 , -0.7754295115761509 , 0.7886120642962718
0.6305202484695509 , -0.7769490619607665 , 0.7897490006115595
0.6274150761011632 , -0.7784552389483035 , 0.7908849532248083
0.6241675673018641 , -0.780014365706255 , 0.7920705657149711
0.6214445613602185 , -0.7813090572584841 , 0.7930628140111127
0.6183964914450208 , -0.782689342059697 , 0.7942524148635275
0.6154059474097436 , -0.7841393739213941 , 0.7952572407452936
0.6120055891726529 , -0.7857085136288721 , 0.7964893400251005
0.6087131286847123 , -0.7872110649555581 , 0.7976799214594725
0.6055289918742295 , -0.788648535645516 , 0.7988290953917823
0.6025374923587565 , -0.7899850869310834 , 0.7999067667628774
0.5995712539216291 , -0.7912970609173658 , 0.8009734682552907
0.5962661202999483 , -0.7927434059339408 , 0.8021598752554575
0.5930138939590315 , -0.794150695962988 , 0.8033250904021378
0.5898147997681146 , -0.7955196719784748 , 0.8044691675287616
0.5866409538497291 , -0.7968628897122503 , 0.8056021818768568
0.5833518735515251 , -0.7982392262503556 , 0.8067742237654124
0.580059925163644 , -0.7996008791973587 , 0.8079451659398682
0.5769623765528163 , -0.8008676703496552 , 0.8090450471433616
0.5737214465736634 , -0.8021781589767499 , 0.8101938802766143
0.570844724183538 , -0.8033286265334699 , 0.811211952039881
0.5675707517617236 , -0.8046234274641806 , 0.8123687370031388
0.5643507949000017 , -0.8058818278639733 , 0.8135045159595797
0.5612556539097677 , -0.8070235163389022 , 0.8146727851406839
0.5581585573094328 , -0.8082601231048253 , 0.8156834487682295
0.5550451744795604 , -0.8094352657128681 , 0.8167764188381745
0.5519014459561559 , -0.8106079163203072 , 0.8178783258427865
0.5486990267735528 , -0.8117881004599174 , 0.8189990544877519
0.5455513363216753 , -0.8129340412506524 , 0.8200989314146744
0.5424017709031475 , -0.8140667459711174 , 0.8211978000659876
0.539250389010234 , -0.8151862147106261 , 0.8222956589196511
0.5357846822742636 , -0.8164013537399033 , 0.8235011479235708
0.5324590896610819 , -0.8175516733797774 , 0.8246560821583386
0.529273916641027 , -0.8186390598128128 , 0.8257606042456631
0.5260871418536477 , -0.8197129739854057 , 0.8268640918253648
0.5226425561099519 , -0.8208580469225397 , 0.8280550881762839
0.5191107793942191 , -0.8220152002080403 , 0.8292743567044315
0.5160618049531868 , -0.8230004440166719 , 0.8303254434381669
0.513040107240197 , -0.8239643627348581 , 0.8313657701367779
0.5097320141811008 , -0.8250053991934116 , 0.8325031708177331
0.504938651512328 , -0.8264875123789067 , 0.8341484548262774
0.5018558303687657 , -0.8274243136096455 , 0.8352048945452492
0.49860064493412687 , -0.8283995910061461 , 0.8363189683231356
0.49534439519934087 , -0.8293609373349896 , 0.8374319548977782
0.4921442970370244 , -0.8302918555453971 , 0.8385243550589343
0.4891719638396152 , -0.8311442470525546 , 0.8395377842544096
0.48565566395909276 , -0.8321374136582523 , 0.8407351861332393
0.48233860816940705 , -0.8330592193753902 , 0.8418632766979683
0.4791529917912689 , -0.8338789353040269 , 0.8430203658241496
0.4758738947095448 , -0.8348138033743234 , 0.8440578497005458
0.4727550466679972 , -0.8356405178758434 , 0.8451147517432546
0.4696929203984399 , -0.8364397136031668 , 0.8461512829413246
0.46665897005992196 , -0.8372193812842994 , 0.8471771700670554
0.46348149200499306 , -0.8380229669331415 , 0.8482504258643577
0.4600745973315038 , -0.8388698646801098 , 0.8493998702085374
0.45688640820041526 , -0.8395968994199656 , 0.8505477842963127
0.4537179857003311 , -0.840409427850434 , 0.851540988246545
0.45039617620511296 , -0.8411929948305554 , 0.8526580978717593
0.44698830692526015 , -0.841981939028044 , 0.8538029028586546
0.4438094619437965 , -0.8427042623904732 , 0.8548696532587909
0.440516048941418 , -0.8434387971243775 , 0.8559737309033897
0.4370508581305588 , -0.8441964830995257 , 0.8571341866013878
0.43381488355698217 , -0.844890034897123 , 0.8582167810627287
0.4306936175410229 , -0.8455461975337553 , 0.8592600116980468
0.427400770095103 , -0.846224821656429 , 0.8603595571650356
0.4240509636727175 , -0.8469008673928965 , 0.8614770531237615
0.4209591675093504 , -0.8475120456716252 , 0.8625075371404162
0.4176673886746709 , -0.8481492721169327 , 0.863603701360293
0.4146908925360177 , -0.8487135082042534 , 0.8645940275617996
0.41140009366992825 , -0.8493241224257455 , 0.8656880063278949
0.4079954708494292 , -0.8499412818412706 , 0.8668188258443393
0.4047345721337154 , -0.8505185066730861 , 0.8679009754335085
0.40184613005930003 , -0.8510184694941024 , 0.8688587752467067
0.39847228733469475 , -0.8515889846855222 , 0.8699766606779485
0.3954994725177627 , -0.8520796719735624 , 0.8709609063357056
0.3920416550216281 , -0.8526362666632545 , 0.8721048465016907
0.38887055409606286 , -0.8531333475049373 , 0.8731531173094347
0.38578608277935067 , -0.8536045938710973 , 0.87417201825939
0.38253129821121523 , -0.8540887657893185 , 0.8752464124260978
0.3793632549105797 , -0.8545471292596171 , 0.8762914338419249
0.3759966663153311 , -0.8550202755740347 , 0.877401166563541
0.3731381962353362 , -0.8553604448329551 , 0.8784123169660222
0.3700086486198465 , -0.8558263662054559 , 0.8793730735517805
0.3668169103078749 , -0.8562374860021372 , 0.8804231622556887
0.3636550262672229 , -0.8566320534497937 , 0.8814627785238119
0.360096031957134 , -0.8570610524528222 , 0.8826322088151538
0.35670959807894326 , -0.857454385677712 , 0.8837442164860392
0.3536945867362382 , -0.8577923835794938 , 0.8847336832986529
0.35070943896598583 , -0.8581157192433471 , 0.8857128286210678
0.3473564460284652 , -0.8584654760138627 , 0.8868120277902279
0.34409053559470415 , -0.8587924984728251 , 0.8878820845182186
0.3409683745778953 , -0.8590925335040468 , 0.8889045101975425
0.3375360418742998 , -0.85940817082863 , 0.8900279267704923
0.33419093646135184 , -0.8597014718643989 , 0.8911222254184473
0.33130114871291355 , -0.8599434731279129 , 0.8920671370183911
0.3280450495043846 , -0.8602035127501078 , 0.8931313565859671
0.32504569801297056 , -0.8604311970926019 , 0.8941112348963809
0.3218503615924696 , -0.8606612536544225 , 0.8951547067520009
0.319250476690708 , -0.8608389180555198 , 0.8960034079873452
0.31586157266175363 , -0.86105767149193 , 0.8971092601746516
0.3129266313004529 , -0.861235385633633 , 0.898066611582404
0.3097117886329015 , -0.8614175415111476 , 0.8991148903572354
0.30647124495099837 , -0.8615879145223547 , 0.9001711702298262
0.30306440467586926 , -0.8617526905286093 , 0.9012812635866818
0.30007896950421453 , -0.8618357831907546 , 0.9023197737493918
0.2972710695992975 , -0.861999116658487 , 0.9031681104840197
0.2939284157977048 , -0.8621219318756439 , 0.904256322981665
0.29095344759484176 , -0.862219306769495 , 0.9052245666786541
0.28789681048852356 , -0.8623076425068394 , 0.9062191426599241
0.28445071845535597 , -0.8623929857186802 , 0.9073401567779008
0.28109794485483447 , -0.8624768654169906 , 0.9084143181650385
0.2781557387160014 , -0.8625098486195175 , 0.9093872039241221
0.2746636033956071 , -0.8625528931248898 , 0.9105224437918309
0.2712309731260402 , -0.8625800314515952 , 0.9116381169474695
0.26824784871211615 , -0.8625913855096726 , 0.9126075285986126
0.26518403183861866 , -0.8625911939545688 , 0.9136030194312049
0.2618713071675249 , -0.8625287561856664 , 0.9147434353310276
0.258843304660878 , -0.8625525870443017 , 0.9156628414163148
0.2559554985941786 , -0.8625178990061911 , 0.9166008121748144
0.2526546815224962 , -0.8624651156424631 , 0.9176728376384083
0.2494119325178405 , -0.8623510565580779 , 0.9187895147251584
0.24628576395876275 , -0.8623235979461503 , 0.9197410943668778
0.24316201986611158 , -0.8622350481438393 , 0.9207554361147133
0.2400694580468587 , -0.8621349478084079 , 0.9217596280030871
0.23703560023462722 , -0.8620247064966527 , 0.9227447494604468
0.2342805818349673 , -0.8619142491544222 , 0.923639334295575
0.2311434344122253 , -0.8617764577110831 , 0.924658021062138
0.22795521156556653 , -0.8616232939371979 , 0.9256933313897391
0.22477104252161953 , -0.8614570907856798 , 0.9267273811773092
0.22170057265754844 , -0.8612842729557171 , 0.9277245765261911
0.21734828490414887 , -0.8610181527256988 , 0.9291382142878806
0.21409612153426846 , -0.8608030666810577 , 0.9301946642131417
0.21095815491411785 , -0.8605342648590358 , 0.9312758508410797
0.20801397177482428 , -0.8603634386031774 , 0.932170805341729
0.20488378273348476 , -0.8601181440610542 , 0.9331880575376138
0.2019762603546649 , -0.8598307032539786 , 0.9341943642166582
0.19896212641709643 , -0.859618580233765 , 0.9351129819531271
0.19600733012540536 , -0.8593518759581417 , 0.936073756525318
0.19297546263939058 , -0.859066115498796 , 0.9370598006832496
0.18967785656725877 , -0.8587413609529366 , 0.9381325291321403
0.1866551566814983 , -0.8584308812703239 , 0.9391160832631333
0.18355613780029423 , -0.8580998202078503 , 0.9401247402422825
0.1805694255082898 , -0.8577685170838929 , 0.9410971182574882
0.1774013298753233 , -0.8573562325246172 , 0.9421888965253515
0.17439506636916652 , -0.8570453981786768 , 0.9431082128882757
0.17147811221913375 , -0.8566381580924012 , 0.9441185176245481
0.1685342818777786 , -0.8563111245247103 , 0.9450184233847365
0.16573075005629137 , -0.8559433175610237 , 0.9459326481227754
0.16271833555751966 , -0.8555360763581501 , 0.9469153923641094
0.1596573972094183 , -0.8551076739116718 , 0.947916601584617
0.1566015524446347 , -0.8546669122443166 , 0.9489168006781197
0.15370997515131796 , -0.8542379543544014 , 0.9498636380555516
0.15092900038688584 , -0.8538144653735208 , 0.9507746435568961
0.147624115825293 , -0.8532972042145107 , 0.9518577833704085
0.1445628771568777 , -0.852804476313095 , 0.9528615833926906
0.14145453849480757 , -0.8522907371641765 , 0.9538813516252629
0.13853587089301378 , -0.8517959853190277 , 0.9548393913356907
0.13564859149160002 , -0.8512947345488522 , 0.955787618747327
0.13260936662481884 , -0.850754361510452 , 0.9567862922866329
0.12973264523308578 , -0.8502307990576887 , 0.9577320995401781
0.12675681017451074 , -0.8496767889866914 , 0.9587110546943699
0.12402089880298868 , -0.8491562723629923 , 0.9596116014933436
0.12115988010980683 , -0.8486004637925848 , 0.9605538758198906
0.11822639189971842 , -0.8480183359390338 , 0.9615206158559656
0.11560923022391194 , -0.8474884817545411 , 0.9623836347918218
0.1125573484731366 , -0.8468580660810096 , 0.9633906474696782
0.10961489607692355 , -0.8462374109012928 , 0.9643622261267505
0.10642105842331363 , -0.8455494002752355 , 0.9654175809213255
0.1036450846053665 , -0.8449392380469551 , 0.9663355283946325
0.10079762909027459 , -0.8443015595909212 , 0.9672777773075552
0.09790477369729758 , -0.8436414227282305 , 0.9682357558381396
0.09501792225055991 , -0.8429702548402334 , 0.9691924740104535
0.09203525656436908 , -0.8422637435530317 , 0.9701817287687813
0.08926241368870366 , -0.8415949702899491 , 0.9711021237505322
0.08657136688551478 , -0.8409348562824404 , 0.9719960583357273
0.08203942194290433 , -0.8397984012790874 , 0.9735030979615683
0.07903523761180803 , -0.8390278338709618 , 0.9745032242764913
0.07631479816418954 , -0.8383181355309532 , 0.9754096833672886
0.07342440457235626 , -0.8375516390879969 , 0.9763736183574311
0.07064082095955271 , -0.8368012759512239 , 0.9773027755861835
0.06783844996455472 , -0.8360337082685159 , 0.9782390581595953
0.06489283370861851 , -0.8352137119304931 , 0.9792241439189724
0.062028946838118465 , -0.8344034384220873 , 0.9801828460829365
0.059221489003265 , -0.8335965995455495 , 0.9811235862451033
0.05654442994659995 , -0.8328156243197411 , 0.9820215054098156
0.05379933729382166 , -0.832002972425057 , 0.9829431480962949
0.051257863159223045 , -0.8312398699393261 , 0.9837972599472832
0.04845148961921701 , -0.8303851842684651 , 0.9847413449273821
0.045897300475661984 , -0.8295962595626442 , 0.9856014753841527
0.043030735674040206 , -0.8286982531476906 , 0.9865678205898123
0.04004949522855358 , -0.827750113809503 , 0.9875739933223243
0.037392729252742896 , -0.826892893682765 , 0.9884716807911895
0.03462100234674801 , -0.8259861823449888 , 0.9894092628285378
0.03190482191949781 , -0.8250852923068239 , 0.9903291165428693
0.029316342665333783 , -0.8242153196638948 , 0.9912067196190973
0.026549812720600405 , -0.8232250817129955 , 0.9921995973488945
0.02382186730694691 , -0.8223313894732193 , 0.9930728821403916
0.02115743003758922 , -0.8213994349778191 , 0.9939794993678621
0.018595568838964696 , -0.8204919528264867 , 0.9948522605614059
0.015658626697467364 , -0.8194377676050757 , 0.995854089266436
0.012825385959906982 , -0.8184067103689451 , 0.9968218719618346
0.01045988420366947 , -0.8174870557379882 , 0.9976840490105247
0.008034594291264317 , -0.81663153488349 , 0.9984613569963591
0.005317678734565817 , -0.8156069491187865 , 0.9993928662191092
0.0025378716950779645 , -0.8145451598937792 , 1.0003472703320246
-2.269255467376302e-05 , -0.8135549687612571 , 1.001227614888154
-0.002740037006736855 , -0.8124913305265807 , 1.002163158515236
-0.0052861699731495335 , -0.8114826554990844 , 1.0030409895314283
-0.007918302352616202 , -0.8104275738159173 , 1.0039497470895546
-0.01038046719175681 , -0.8094291985371336 , 1.0048010174113378
-0.012882170317475461 , -0.8084034088544795 , 1.0056671610139438
-0.015515246033018439 , -0.8073112800817445 , 1.0065801211100531
-0.01804848784718182 , -0.8062484085211834 , 1.0074597780714485
-0.020964090636742705 , -0.805010256938026 , 1.0084738297337508
-0.023504312019687897 , -0.8039184686377235 , 1.009358763028806
-0.02601419461928176 , -0.8028277026429402 , 1.0102344676804045
-0.028721036634855382 , -0.8016378592371616 , 1.0111804112521385
-0.03153228498731261 , -0.8003872040580096 , 1.0121645400899097
-0.03425526644207581 , -0.799112581105693 , 1.013170726331908
-0.0365863904339659 , -0.7981001547425999 , 1.0139382793555718
-0.040356318714103966 , -0.7963615549609669 , 1.0152651640664594
-0.0428150725469526 , -0.7952124400234213 , 1.0161323674014375
-0.0452883977875792 , -0.7940443076561834 , 1.0170061773226136
-0.04777604989563951 , -0.7928569684103385 , 1.0178865579262784
-0.050233573633686766 , -0.7916716678965173 , 1.0187577869076627
-0.05264932472221252 , -0.7904455798440037 , 1.0196661897579018
-0.05505896017079847 , -0.7893082697817435 , 1.0204729239261832
-0.05760230787092961 , -0.7880431628714967 , 1.0213793663580832
-0.06007146744502691 , -0.7868020046498727 , 1.022261011513036
-0.06251055120107474 , -0.7855633354821316 , 1.0231335338818095
-0.06498474776398563 , -0.7842939088564176 , 1.0240202855542206
-0.06753675208653111 , -0.7829708122753973 , 1.0249367139324033
-0.0699719993981148 , -0.7816951230554323 , 1.025812938735808
-0.07246309138946329 , -0.7803768064614629 , 1.0267110287086745
-0.07466750223453952 , -0.7791988342959112 , 1.027507282934969
-0.07709907240544323 , -0.7778869904382448 , 1.0283872702508514
-0.07954314358014497 , -0.7765550967026221 , 1.029273587548558
-0.08183034185592054 , -0.7752965064467285 , 1.0301046834598429
-0.08434137344027327 , -0.7739010635880412 , 1.0310190004030735
-0.08661198469706735 , -0.7726267939149933 , 1.0318475038077186
-0.0887282486079079 , -0.771428422670097 , 1.0326211902963023
-0.09123357280579017 , -0.769996254229781 , 1.033539016403823
-0.09364601319297963 , -0.7686032445097095 , 1.034424796256094
-0.09602852909724754 , -0.7672139687905486 , 1.0353015297018013
-0.09831952604968508 , -0.7658652490541451 , 1.0361464349910507
-0.10068409080225389 , -0.7644599293223779 , 1.0370204049312892
-0.10316211243395987 , -0.7629725564626386 , 1.0379384530186146
-0.10577238921508679 , -0.7613894556788435 , 1.0389079128483154
-0.10804698656113262 , -0.7599961314359087 , 1.039754756367741
-0.11017143216759968 , -0.7586830585145369 , 1.0405474556545093
-0.11248930731481946 , -0.757237392602406 , 1.0414142981294612
-0.11483791662929527 , -0.7557585481844832 , 1.0422947643092215
-0.11685755695297112 , -0.7544754613313875 , 1.043053646172651
-0.11902904482526735 , -0.7530840519564833 , 1.043871411069065
-0.12123671164431098 , -0.751606491936176 , 1.04475229993493
-0.12378045684227264 , -0.7499961243252762 , 1.0456675012497356
-0.1258855122775111 , -0.7486087591726571 , 1.0464662640588935
-0.12819743954720664 , -0.7470712123041089 , 1.0473457150364212
-0.1304063011975849 , -0.745538030894493 , 1.0482352642299724
-0.13253917568498544 , -0.7441440639960859 , 1.04900363461114
-0.1345903415112842 , -0.7427429382418641 , 1.0497898244165667
-0.13694101515981388 , -0.7411226203358194 , 1.0506931834476378
-0.13918516614705376 , -0.7395610221983788 , 1.0515580093614283
-0.14132404681163058 , -0.738059160551982 , 1.0523844904749682
-0.1435296314720785 , -0.7364964968976011 , 1.0532390578351123
-0.1456120073476637 , -0.7350079753291562 , 1.0540480772546696
-0.14792993272850913 , -0.7333358885642183 , 1.0549511547819954
-0.1500781573369299 , -0.7317966348001012 , 1.0557720699716735
-0.15197339129599544 , -0.7303801887398971 , 1.0565330738594227
-0.15394503354682096 , -0.7289207741031838 , 1.0573075318957834
-0.15609310713431862 , -0.7273170053656867 , 1.0581536515761583
-0.15812081055322078 , -0.7257897961166493 , 1.0589546533900067
-0.16019440338872185 , -0.7242145044718326 , 1.059776128035298
-0.1623131026585953 , -0.7225906641416208 , 1.0606179634859147
-0.1642584667894254 , -0.7210868162239844 , 1.0613931821363924
-0.16624939705952888 , -0.7195348536626494 , 1.0621888323378443
-0.1682312066616426 , -0.7179769047928438 , 1.0629831598935087
-0.1702038758591101 , -0.7164130167563066 , 1.0637761637225256
-0.17211395656295847 , -0.7148861266887755 , 1.0645462690819931
-0.1741571634406416 , -0.7132389105783353 , 1.0653725536641299
-0.17633137866862342 , -0.7114700951134768 , 1.0662547136771439
-0.1783011253144891 , -0.7098532181047323 , 1.067056536839803
-0.18045329386924844 , -0.7080707402535809 , 1.0679355227424754
-0.18240292269245995 , -0.706441533133105 , 1.0687344531717224
-0.18425653151691798 , -0.7048796416659934 , 1.0694964277317551
-0.18623892201833311 , -0.7031951226410095 , 1.0703139665014834
-0.1882282386059126 , -0.7014898690381584 , 1.0711371375328924
-0.19013911185906418 , -0.6998376693495514 , 1.0719305148617997
-0.1919556261326536 , -0.6982540010754476 , 1.0726871800197422
-0.19369586298212738 , -0.6967247518819585 , 1.0734143636957942
-0.19576323339467228 , -0.6948924692085694 , 1.074281211181475
-0.19756879672150882 , -0.6932782184657511 , 1.0750409651272161
-0.1993486919746132 , -0.6916739660556802 , 1.07579241036905
-0.20128471924629832 , -0.689914198584398 , 1.076612631677109
-0.20306233572575266 , -0.6882846682173669 , 1.0773684112611879
-0.20484716328270286 , -0.6866351043106069 , 1.0781298758777635
-0.20659019064838824 , -0.6850110207546154 , 1.0788760847907044
-0.2083565633764941 , -0.6833517504893282 , 1.0796349326618264
-0.21011360175502852 , -0.6816876523134218 , 1.0803924585358955
-0.21205312604952503 , -0.6798347534834613 , 1.0812318322074153
-0.21372683373425744 , -0.678222141766315 , 1.0819588920249015
-0.21542346987677247 , -0.6765743435030113 , 1.0826985356139642
-0.21718969498297513 , -0.6748447601696106 , 1.0834713731415646
-0.21875829227870194 , -0.6732963946319634 , 1.084160222656931
-0.22061459563445923 , -0.6714488586364505 , 1.0849784969974243
-0.22235143811342392 , -0.6697051085920145 , 1.0857471904329095
-0.2242283084361904 , -0.6677494328483782 , 1.0866242591366686
-0.22587161579708687 , -0.6661252145311145 , 1.0873145215505642
-0.2275476796389506 , -0.6643987704430324 , 1.088065297901835
-0.22924429788070766 , -0.6626364414634083 , 1.0888283296605459
-0.23088153385169813 , -0.6608664091256179 , 1.0896103212762753
-0.2333229108277689 , -0.6583379332747463 , 1.090675539845938
-0.2349999155524246 , -0.6565445552287894 , 1.0914405005579202
-0.23657843442066467 , -0.654842359205773 , 1.0921635186726564
-0.23826472232278656 , -0.6530085654677311 , 1.092939155893122
-0.23980962345617474 , -0.6513143594288099 , 1.093652770315189
-0.2414465882718457 , -0.6495041746691494 , 1.0944121139458811
-0.24311631185390034 , -0.6476415886393235 , 1.0951901172347072
-0.24480368934351418 , -0.6457424334187782 , 1.0959799740920873
-0.24639486966010957 , -0.6439357435168768 , 1.096728211992838
-0.2479759128866077 , -0.6421251115924793 , 1.0974750300820417
-0.2495468094254859 , -0.6403105896089442 , 1.0982204273105158
-0.25101030136667 , -0.638605988514514 , 1.098917945850897
-0.2526581253314547 , -0.6366700834245751 , 1.0997069549991778
-0.2541573987139776 , -0.6348931589818736 , 1.1004282502882583
-0.25574236250310006 , -0.6329982892762984 , 1.1011943847802486
-0.2573975124047503 , -0.6310012095100168 , 1.1019984963956238
-0.2589197652243959 , -0.6291476721564477 , 1.10274177766298
-0.2605515942690515 , -0.6271424867253858 , 1.1035426261126922
-0.262065463161564 , -0.6252650733881862 , 1.1042894270899526
-0.2635687406237115 , -0.6233841267666018 , 1.1050347460960184
-0.2650092241059003 , -0.6215658802747482 , 1.1057525076578465
-0.2665693986702341 , -0.6195787031825162 , 1.106533944325128
-0.2680149522245262 , -0.6177206369266321 , 1.1072618004631298
-0.2694677771170299 , -0.6157776615541443 , 1.1080382576050058
-0.270837266566572 , -0.6140449423289771 , 1.1086938073798853
-0.27211380320514456 , -0.6123610634872637 , 1.1093463921528424
-0.27359462737068324 , -0.6103906224352907 , 1.1101073371489458
-0.27497719889768696 , -0.6085340381517009 , 1.110821683792804
-0.2764851379093846 , -0.6064901370863525 , 1.1116051903781772
-0.27791095130803334 , -0.604478939667828 , 1.112391179580606
-0.2791856624679234 , -0.602778990941142 , 1.11302013937848
-0.2805630311887309 , -0.6008603842407024 , 1.1137478269656074
-0.2818222250771711 , -0.5990907441600768 , 1.1144167423083646
-0.28316724631151136 , -0.5971836442636546 , 1.1151352041208458
-0.2844664872339826 , -0.5953246061108758 , 1.1158331782537376
-0.28579081237944326 , -0.593412279980932 , 1.1165487350236405
-0.28704673340535997 , -0.5915821686033248 , 1.1172312527854862
-0.28843095802739294 , -0.5895460163997609 , 1.117988026061861
-0.289598241635583 , -0.5878131026448312 , 1.1186299749841355
-0.2909040373601226 , -0.5858569719794312 , 1.1193522980500588
-0.29228863393021876 , -0.5837620611411376 , 1.120123175918005
-0.2934947578359279 , -0.5818567327818444 , 1.1208393328177089
-0.29461278519923717 , -0.5801962040169377 , 1.121429023243047
-0.2959311875699611 , -0.5780819331799792 , 1.122216930161434
-0.29711808429757836 , -0.5762804843907835 , 1.1228540169247103
-0.29898212248136047 , -0.5733165974906101 , 1.1239265036210646
-0.3001226984943344 , -0.571481070495503 , 1.1245880927068432
-0.30132752626682646 , -0.5695235291828808 , 1.1252914982749462
-0.3025320882238432 , -0.5675468502697462 , 1.1259995416568174
-0.30356034327165193 , -0.5658436485544274 , 1.1266078410657465
-0.3047241536362617 , -0.5638978979905166 , 1.127300766842446
-0.3058571385797363 , -0.5619848786815992 , 1.1279799788573042
-0.3069195535410635 , -0.5601737547764849 , 1.128621153601544
-0.3080028637652171 , -0.5583093976043004 , 1.129279304770264
-0.3090666850260976 , -0.5564608612360364 , 1.1299300182018615
-0.31017994078580297 , -0.5545071606078712 , 1.1306157672198007
-0.3112827010998256 , -0.5525519629529454 , 1.1313000226353258
-0.3123557275819902 , -0.550629964363966 , 1.1319707122111473
-0.3134662724188083 , -0.54861995482448 , 1.13267007098921
-0.3144902937178606 , -0.5467472983306294 , 1.1333197805029644
-0.3155701592413982 , -0.5447519745973706 , 1.1340100970802487
-0.316639170517518 , -0.5427553735571351 , 1.1346988617219014
-0.3176423914419794 , -0.5408618144184321 , 1.1353502573061673
-0.31861772736798166 , -0.5390019778030104 , 1.135988342880143
-0.31967347379345834 , -0.5369672192911151 , 1.1366845219722683
-0.3207180032691864 , -0.5349313628488587 , 1.137379090608777
-0.3216722331592511 , -0.5330511867766162 , 1.1380188005763534
-0.32269520715159417 , -0.5310133830763348 , 1.138710269215368
-0.3236983807554282 , -0.5289920808646408 , 1.1393942349596018
-0.3246309904719205 , -0.5270919737858468 , 1.140035480602332
-0.3255538900533932 , -0.5251911590319354 , 1.1406753240704448
-0.3264837502987674 , -0.5232547882718117 , 1.1413254659103222
-0.32742003348547477 , -0.5212828754219152 , 1.141985826560765
-0.3283621930282362 , -0.5192754391798874 , 1.142656324947162
-0.32926300255116275 , -0.5172598243585745 , 1.1433434859007616
-0.33020621621239055 , -0.5152763700773937 , 1.1439868303721943
-0.33106106819085146 , -0.5133896817167001 , 1.1446121624431476
-0.3319297784709594 , -0.5114502069763706 , 1.1452534242158265
-0.33280385337392954 , -0.5094754431962145 , 1.145904739282666
-0.33362195701434527 , -0.5076052613357465 , 1.1465200745242108
-0.33442325250963845 , -0.5057523402290749 , 1.147128318542044
-0.3352822773237883 , -0.5037419005542292 , 1.1477866961801908
-0.3361745521254128 , -0.5016264075044313 , 1.1484777265974353
-0.33701882872380595 , -0.4995982343541078 , 1.1491385669035334
-0.3378379464007264 , -0.49760499183733203 , 1.149786452962493
-0.33863951638427137 , -0.49562924917419054 , 1.150427128302054
-0.3393594062824863 , -0.49375253713580597 , 1.1510493162304924
-0.3401361750260052 , -0.49187031978104495 , 1.1516419096537527
-0.34095532161678166 , -0.4897725487895869 , 1.152317529520865
-0.3417027147875337 , -0.48783232885762884 , 1.1529409474145471
-0.3424270026765802 , -0.4859273200717399 , 1.1535517003688833
-0.3431417495850525 , -0.48402260730002633 , 1.1541610333510375
-0.3438276836342075 , -0.48217064517752767 , 1.154752233052543
-0.3445806807833896 , -0.48010945836239316 , 1.155408779708843
-0.34521634337210577 , -0.47834562536935993 , 1.1559694151131188
-0.3459079111019255 , -0.47631593569700453 , 1.1566280313453163
-0.34659096625873476 , -0.4744527258062361 , 1.1572029254810738
-0.34721847848138393 , -0.4726379960905782 , 1.1577761561859752
-0.3478610061788364 , -0.4707540610132899 , 1.1583700606499119
-0.34856404197280194 , -0.4686615600154486 , 1.1590283121996667
-0.34921579854005297 , -0.46660070020729105 , 1.1596893865667686
-0.3498401428490978 , -0.46477532120212717 , 1.1602469682224938
-0.3504772713262939 , -0.4627899038474374 , 1.1608676487228962
-0.35108775189080643 , -0.4608576244308408 , 1.1614704929835125
-0.3516831278572045 , -0.4589436663071373 , 1.1620664428668734
-0.35223724770490056 , -0.4571349837264905 , 1.1626285459660286
-0.3528608336812637 , -0.45506653090790794 , 1.1632701224883712
-0.35344266512964856 , -0.45310350449671605 , 1.1638777699467946
-0.3540144656457824 , -0.45114163382286965 , 1.1644838767465124
-0.3546008773796103 , -0.4490942418308135 , 1.1651151570847447
-0.3551231970220985 , -0.4472388916021506 , 1.1656861352423542
-0.3557220473280111 , -0.44507290932890975 , 1.166351413346681
-0.3562529124901351 , -0.4431162892544396 , 1.166951198657728
-0.3567738284177689 , -0.44116107583646413 , 1.1675494389887484
-0.35725792941658346 , -0.43931101994931626 , 1.1681144894789293
-0.3577551279825372 , -0.43737595592540235 , 1.1687044587384303
-0.35825121825470185 , -0.43540790123601136 , 1.1693034020214073
-0.35870347129832403 , -0.433579414783292 , 1.169858900401103
-0.35915947132096165 , -0.43170068822280383 , 1.1704286989251345
-0.3597196148710978 , -0.42934159011443807 , 1.171142822298437
-0.3601628607611585 , -0.42743208611434297 , 1.1717197469637186
-0.3606043721767307 , -0.42548995799305966 , 1.1723055287212572
-0.36098719365451065 , -0.42365139927105905 , 1.1728720367962542
-0.3614171616720483 , -0.4216787404899432 , 1.1734649956871248
-0.36184138522976234 , -0.41981186397659004 , 1.1740124655199151
-0.3622374915263097 , -0.4179114836391781 , 1.174581896257241
-0.3626276661645631 , -0.4159959698522804 , 1.1751549355497688
-0.3630284408474522 , -0.4139800492202013 , 1.1757570192357
-0.3633892750691437 , -0.4121199458636676 , 1.1763116724558655
-0.3637538680143483 , -0.4101937175031753 , 1.17688514938513
-0.3640741655345388 , -0.40832047372706687 , 1.1774543929245047
-0.36442097791076744 , -0.4065349408044329 , 1.1779719726626747
-0.3647694078967854 , -0.4045473783408708 , 1.17856103362336
-0.36509333404286115 , -0.4026471221119547 , 1.179123353075178
-0.36539402123716636 , -0.4006816761947342 , 1.1797162458064732
-0.3657157420540065 , -0.39883682781684493 , 1.180248374056642
-0.3661533253594579 , -0.3960151223677389 , 1.1810793818310135
-0.3664252894958027 , -0.3941932804234216 , 1.1816149804090648
-0.36671734440185966 , -0.392171808288785 , 1.1822084127047188
-0.3669734100649994 , -0.3903382337826495 , 1.1827459161116778
-0.367191685222584 , -0.38872542302609775 , 1.1832181060038662
-0.367463597221946 , -0.3866451404026341 , 1.1838263431898268
-0.3677221778010173 , -0.38458495342793075 , 1.184427809174669
-0.36793020039069874 , -0.3828623420039054 , 1.1849300453059572
-0.36815331430154663 , -0.38094186744430525 , 1.1854892529963554
-0.3683540843304648 , -0.3791410503438269 , 1.18601294049839
-0.3685333476754567 , -0.3772447326391085 , 1.1865751179766113
-0.3687451870753608 , -0.37539810518414546 , 1.1870993443730362
-0.3689183410252801 , -0.3736223594768229 , 1.1876138018413909
-0.3690937505659287 , -0.3717335030913411 , 1.1881603627214248
-0.36926971955134813 , -0.36973216727112446 , 1.1887387310870823
-0.3694259150748863 , -0.3678499592334045 , 1.1892819874740461
-0.36956532810607223 , -0.3660698529419045 , 1.1897951716505268
-0.3697069847486242 , -0.364144785502856 , 1.1903494956601617
-0.3698312994689557 , -0.36233814229578676 , 1.1908691124211395
-0.36994196971931637 , -0.36061659456067113 , 1.1913637149881242
-0.37004485340202464 , -0.3588979883515243 , 1.1918569541507809
-0.3701512090330922 , -0.3569701558265893 , 1.19240963322801
-0.3701425712414667 , -0.316837280790147 , 1.203785577944235
-0.3700102845358626 , -0.31454065448325813 , 1.2044300718049465
-0.36986908017866105 , -0.31233053366624236 , 1.2050497274401988
-0.36961632536720546 , -0.30881668980870813 , 1.2060338129346027
-0.3694193633569318 , -0.3063659718691092 , 1.2067193911564156
-0.36921226673885393 , -0.3041991673767805 , 1.2073340845912586
-0.3689818853319151 , -0.30154552110840227 , 1.2080661413942526
-0.3687522904100456 , -0.2992717874250892 , 1.2087006154046496
-0.3684979326306961 , -0.29691042925241823 , 1.2093590456022163
-0.368248119305788 , -0.29472619325319177 , 1.2099676560265287
-0.36798373289619984 , -0.29253785321905945 , 1.2105770103005014
-0.3677063492348704 , -0.29035883003822294 , 1.211183388844115
-0.3674722361292191 , -0.288600933167408 , 1.2116723100253424
-0.3672070919828569 , -0.28668921690970917 , 1.212203753505903
-0.36697868076775214 , -0.2851028453585412 , 1.212644556024703
-0.3667679123075982 , -0.28368402929135556 , 1.2130386538843407
-0.36656087951371696 , -0.28232901620113116 , 1.213414904670391
-0.36638305622175144 , -0.281193576415698 , 1.2137300945347527
-0.3662348120597382 , -0.2802658288868624 , 1.21398757001224
-0.3661213587226005 , -0.2795667993530767 , 1.2141815343068005
-0.36600801691473295 , -0.2789813734390174 , 1.2143521591537192
-0.2936479659489364 , -0.31482441598667316 , 1.2373233632176581
-0.07907059736927448 , -0.27467518259443563 , 1.3104994367625813
0.111304877531305 , -0.12859833731647285 , 1.3507896079431339
0.2389606940098503 , 0.12883725116618894 , 1.3530104383861459
0.23073503950506596 , 0.3749137555005361 , 1.3339301724648873
0.1209388084763714 , 0.48481319545761786 , 1.340534412751168
-0.01593429514004683 , 0.5522312368251137 , 1.3300292231760475
-0.15788837309557957 , 0.5543943124559596 , 1.3193836403398451
-0.2977304594534119 , 0.5234318969110043 , 1.3072035570118306
-0.4437568730999328 , 0.4509974889202327 , 1.291721453235022
-0.5717918937498281 , 0.341178671081347 , 1.2735824132007791
-0.6714500643942864 , 0.18982756833681552 , 1.2547311792403857
-0.7269659130008127 , 0.004731536362319839 , 1.2362330684291587
-0.7035958999770254 , -0.3206846248956229 , 1.2043292714326836
-0.7123231795095227 , -0.34294398109630475 , 1.191487969553387
-0.7176031372593783 , -0.3571820689892049 , 1.1830716121880949
-0.7228805957344265 , -0.3725703626762401 , 1.1739268932569962
-0.7270588423524018 , -0.3855870251273293 , 1.1661074822671273
-0.7297324773866567 , -0.3943733492013724 , 1.1607856997697676
-0.7310112081354 , -0.39872057687058626 , 1.158140036092074
-0.7311368801035838 , -0.3991557359224823 , 1.157875226171606
-0.7365839233723817 , -0.34560978564329403 , 1.1815205825944928
-0.703315512722568 , -0.12136960396738238 , 1.2949102902972585
-0.6716840532805026 , 0.03889648858423986 , 1.3500408358860738
-0.5845377631162286 , 0.1946787845342548 , 1.3701062231783747
-0.44579656763979486 , 0.30690780153503544 , 1.3481850832882794
-0.25052659471495803 , 0.34290462972882885 , 1.31777959399328
0.022875993934934696 , 0.21114323725681422 , 1.3730477112744353
0.2249840316051212 , -0.046341326966797464 , 1.3750269330441174
0.2953359032651676 , -0.373089812029353 , 1.3036578657022895
0.21682444891398522 , -0.6921990377897416 , 1.1621155881953729
0.012021428152225955 , -0.9378271918148952 , 0.9596773170835141
-0.22429497846149613 , -0.9553861817993223 , 0.9124138109696196
-0.46855590326958235 , -0.8959381374818389 , 0.8812496447362544
-0.69514197902861 , -0.7755361000645699 , 0.8459255517305702
-0.8831403491943463 , -0.607039276307331 , 0.8068260816344782
-0.9132972414740009 , -0.6085087735022298 , 0.7694873493645272
-0.9311593151068174 , -0.6212704941790004 , 0.7342337547387439
-0.9472927764045116 , -0.6333237360474069 , 0.6983976910687891
-0.9610575056844105 , -0.6441202510620551 , 0.6638698706612708
-0.971805975340731 , -0.6529888918882192 , 0.6335554225735587
-0.9811813011377504 , -0.6611257528473441 , 0.6038072301082025
-0.9879020619087197 , -0.6672752435003525 , 0.5800033370965436
-0.9924604446970409 , -0.67163909321134 , 0.5623046479114968
-0.9966174925637069 , -0.6757909596174564 , 0.5447687813923967
-0.9999959533983174 , -0.6793160162740117 , 0.5292892133639701
-1.0025025803210217 , -0.68203935493509 , 0.5169209626358918
-1.004230297483659 , -0.6839798725718614 , 0.5078684408526285
-1.004933867931644 , -0.6847919423228007 , 0.5040360984528469
-1.0062225106285059 , -0.6877296993141988 , 0.511966737633094
-1.001399477846379 , -0.6961940089625313 , 0.550264970647598
-0.9409721709413497 , -0.6917315056796445 , 0.6523738627449001
-0.8458767376640521 , -0.6686805646139203 , 0.7476103966792308
-0.7384795685480614 , -0.6352672231848606 , 0.8110041066762882
-0.6637646896656993 , -0.612386152588685 , 0.8249047733747423
-0.6344332680273986 , -0.6089229679786187 , 0.8048950893538092
-0.614897522918565 , -0.6098334965452087 , 0.7728023757349747
-0.582799061306965 , -0.6033234478719613 , 0.747019484130495
-0.5450526400908341 , -0.5915624005546352 , 0.734350777959248
-0.5018415542821328 , -0.5752487192859307 , 0.7339798319900079
-0.4660333997735566 , -0.563276271126295 , 0.7453668049618046
-0.45608919923482566 , -0.5697177739388095 , 0.7543976749208218
-0.4461974936114337 , -0.5756558426355979 , 0.7633050073675521
-0.43619599631979267 , -0.5814243968454248 , 0.7720875973661853
-0.4260943593053106 , -0.586856170817924 , 0.7808615019263483
-0.4161830436176276 , -0.5918132060492924 , 0.7893865979331476
-0.40013583467132247 , -0.5993459019939946 , 0.802845387552738
-0.3895250204296493 , -0.6038755331584745 , 0.8116225682838609
-0.37810219799243183 , -0.608397166292748 , 0.8209501187346516
-0.3671313664532614 , -0.6124044146406 , 0.8297985883756929
-0.35733533223045294 , -0.6157124579214504 , 0.8376147016140285
-0.3463487458535708 , -0.6191269560423005 , 0.8462919190662531
-0.33516027551211647 , -0.622290357909039 , 0.8550385576365295
-0.3230599822896988 , -0.6253629954722005 , 0.8644031070383601
-0.3117856096446507 , -0.6279064365591798 , 0.8730461603583761
-0.3002260327641949 , -0.6301999531070095 , 0.8818315254425619
-0.2881766890429011 , -0.6322572013237048 , 0.890913023550606
-0.2760578846579411 , -0.6339876727298355 , 0.8999746648577649
-0.26429952569860543 , -0.6353457749283814 , 0.9087031739220639
-0.25291543761094526 , -0.6363622462933423 , 0.9170990708993955
-0.24128222824518447 , -0.6370997519764868 , 0.9256277341305519
-0.2302372111033465 , -0.6374654059014715 , 0.9337229111327998
-0.217506190687557 , -0.6376654666153954 , 0.9429174765693568
-0.2054850676680708 , -0.6374713298341216 , 0.9515964506353689
-0.19377684449998656 , -0.6369718826221985 , 0.9600149878597696
-0.18249624486855434 , -0.6361999887779545 , 0.9680978175225855
-0.17122491360089898 , -0.6351422753099865 , 0.9761501219288933
-0.15922775301010045 , -0.6336995216183949 , 0.9846989083132481
-0.14662157274802542 , -0.6318214662869914 , 0.9936666046352401
-0.135310187434749 , -0.6297626643679909 , 1.001744357007772
-0.12353611281327645 , -0.6274100355621844 , 1.0100621352111037
-0.11138781517717866 , -0.6245779841603974 , 1.0186814052580013
-0.09909971067416054 , -0.6213461529004202 , 1.0274004285431384
-0.08771697625352423 , -0.6180157004372765 , 1.0354821857594483
-0.07682212797734386 , -0.6145174442659127 , 1.0432263680632679
-0.06600741888250561 , -0.6107369241314717 , 1.0509261897148634
-0.05427306869326032 , -0.6062780454641125 , 1.0592998554255098
-0.043650234991162114 , -0.6019114065124039 , 1.0669020643666938
-0.03194633321642518 , -0.596724670734832 , 1.0753073845135408
-0.02145146076557213 , -0.5916696400017847 , 1.0829149194826972
-0.009923629713629756 , -0.5858431947087512 , 1.0912295034885182
0.0012557219866212305 , -0.5797270253808453 , 1.0993777137195764
0.011336263555113482 , -0.573849293441665 , 1.1067708177408297
0.021825087180719863 , -0.5673505327229116 , 1.1145159705804244
0.03169136851768219 , -0.5608629727935922 , 1.1218568548412717
0.04157343683675915 , -0.55398134055227 , 1.1292702770056198
0.05206549151880384 , -0.5462299295855289 , 1.137216412305638
0.06242722812565873 , -0.5380958154511958 , 1.1451496747835819
0.07230941428565024 , -0.5298634840357385 , 1.152805703060593
0.08106703604786872 , -0.5221527697440544 , 1.1596731246687115
0.09074860082963224 , -0.5131397889904501 , 1.1673668561159558
0.09908796494837832 , -0.504932625936825 , 1.1740901965824226
0.10744839322332976 , -0.496258022158482 , 1.1809311474323183
0.11558423133252935 , -0.48735025986280067 , 1.1876969836969995
0.12441594093295132 , -0.47711039287466206 , 1.1951789048666879
0.13226108029448286 , -0.4674656597151814 , 1.2019614273867616
0.13950120143278247 , -0.4579902952230078 , 1.2083875101583
0.1465266353588189 , -0.44841123805006344 , 1.214685985082502
0.15366315681332626 , -0.43803108583996603 , 1.2212777119308402
0.16051737896433751 , -0.42743992385974056 , 1.2277794649831557
0.16634256555586704 , -0.41789712870519957 , 1.2334569749469237
0.17275665018674893 , -0.4067325565796525 , 1.2398961934730266
0.17837738646021445 , -0.39622469390354226 , 1.2457647706484307
0.1839592994405517 , -0.38523974870863154 , 1.2517254789790384
0.1896948573389366 , -0.3730212338705293 , 1.2581446562571197
0.19433355967967642 , -0.36238481024295066 , 1.2635658214703998
0.19899289492067354 , -0.3508812327475561 , 1.2692637340785513
0.2034958529972516 , -0.33881032792029625 , 1.2750675750960834
0.20736355807889478 , -0.3274213242537656 , 1.2803853521662572
0.21145608408817004 , -0.3143579066717743 , 1.286311834098952
0.2147064931336671 , -0.302765908867836 , 1.2914174891133914
0.2177867666347955 , -0.2905198125036881 , 1.2966634133990502
0.2206483998662053 , -0.2776141420031497 , 1.3020343853056375
0.22304125566317232 , -0.26517066482728074 , 1.3070661285291725
0.22504220584794052 , -0.2529838557175018 , 1.3118596074513142
0.22682884821303506 , -0.23981646712304183 , 1.31689455605688
0.22814144177521334 , -0.2276080366859039 , 1.3214334276829942
0.22906729078515028 , -0.21626626358212367 , 1.3255419194357763
0.22976875605199124 , -0.20362058830857027 , 1.330003309159357
0.23013181753393275 , -0.1903605655185838 , 1.3345497662099486
0.22971527441654152 , -0.16376119995053803 , 1.343276949750942
0.22889865928155134 , -0.1499799974963039 , 1.34759844809814
0.2277660516317975 , -0.13712750914270694 , 1.3515087956369092
0.22642635489390148 , -0.12554142353734324 , 1.3549354286589161
0.2247312082129942 , -0.11343018939960828 , 1.3584211463108236
0.2226816022597083 , -0.1012135678896692 , 1.361836234005028
0.2199662054218915 , -0.08742760388796693 , 1.3655701591864584
0.21688740737861814 , -0.07392878650762065 , 1.3691038800515156
0.21365312371325573 , -0.0614069110749314 , 1.3722738786150361
0.20982841699536775 , -0.04816465125483037 , 1.375513180999453
0.20575947075579765 , -0.03546059181091571 , 1.3785112564846602
0.20132371381622854 , -0.022851056223226786 , 1.3813802568308347
0.19616946854463363 , -0.009465391195108003 , 1.3843083268869052
0.19098070940959053 , 0.0029154408090027104 , 1.3869074323575057
0.18628977616541678 , 0.013334877380473838 , 1.3890122054111236
0.18006365651588985 , 0.026221481091174365 , 1.3915089561650533
0.17125690355809098 , 0.042937684758052236 , 1.394567450928116
0.1641748272168301 , 0.05532058431892607 , 1.3966983319225548
0.15632306502329227 , 0.0681258708603226 , 1.3987757483545578
0.14906925383042363 , 0.07921177691953857 , 1.4004668773874744
0.1417784735262813 , 0.08972400548368369 , 1.4019746069240075
0.13405081671446703 , 0.10025420313880251 , 1.403387212640024
0.12549526447546025 , 0.11125766280771515 , 1.4047537019343437
0.11660810716942213 , 0.12203581824409683 , 1.405977628015134
0.10763986451077656 , 0.13230718629608185 , 1.4070320660960252
0.09828467371812764 , 0.1424358155540349 , 1.4079578566330213
0.0894076280516657 , 0.1515422184085652 , 1.4086869584888324
0.07894311951201988 , 0.1616999078327273 , 1.4093761833962566
0.06870978745631015 , 0.17107807293669697 , 1.4098869497803626
0.05810059262615986 , 0.18026697123378077 , 1.4102599764050383
0.047212327107371166 , 0.18917437718811658 , 1.4104897447606792
0.0366601386974762 , 0.19732939209121395 , 1.4105770698244762
0.02533861274227822 , 0.20561133360667913 , 1.4105258609609825
0.014089333881397891 , 0.21337029983386538 , 1.4103419954560834
0.0020823248945924 , 0.2211724314880775 , 1.4100059775185487
-0.008985867205930692 , 0.22794996906508236 , 1.409575358048313
-0.021648655109248988 , 0.2352300383494313 , 1.4089513008407222
-0.03424815574286137 , 0.24203234497605927 , 1.4081874782909647
-0.047721049626780296 , 0.24880527739133418 , 1.4072313758740185
-0.06015426089178928 , 0.254628015624086 , 1.4062234336565105
-0.0736972366041321 , 0.2605233168171565 , 1.4049936842000201
-0.0875525457249835 , 0.2660910452303057 , 1.4035983533311327
-0.10015832559723584 , 0.270764169794119 , 1.4022121347208574
-0.11375355160804211 , 0.2753989669838183 , 1.4005960025548918
-0.1285732940509094 , 0.27996557595130134 , 1.3987009395904302
-0.14238019877216226 , 0.2838391677522528 , 1.3967955814395245
-0.15691132829698307 , 0.2874646092057466 , 1.3946661115223935
-0.17069216558122502 , 0.2905064439637806 , 1.392524837436507
-0.1830590824953538 , 0.2929143920082068 , 1.3905036530282981
-0.19728699239063455 , 0.29531497574605775 , 1.3880629438412566
-0.21186229050444405 , 0.29737065529642426 , 1.3854356184721777
-0.2257086992399059 , 0.2989205122881487 , 1.3828297177055817
-0.24034617986655232 , 0.3002313097793051 , 1.3799323319506038
-0.25578607300483114 , 0.3011522324817292 , 1.3767456442952906
-0.2691954857503162 , 0.3015969690361343 , 1.3738615857271668
-0.28459865427875186 , 0.301702970131858 , 1.370414406827807
-0.2989866250158176 , 0.3014124642769105 , 1.3670637005415633
-0.3135235123526184 , 0.3007375322042277 , 1.3635487322214512
-0.32819944650386257 , 0.2996671034123602 , 1.3598663271989333
-0.3424800881154826 , 0.29824934899806294 , 1.356152076653229
-0.3570104081753891 , 0.2964242715954666 , 1.3522379012225314
-0.37217086226212065 , 0.29410596229060804 , 1.3480058970518043
-0.38528653711305005 , 0.2917108042086609 , 1.3442313678107873
-0.3978277045821847 , 0.28920783891318397 , 1.340489213118864
-0.4137103507919565 , 0.28550364118358884 , 1.335616746022994
-0.42801945471358077 , 0.28178767815173467 , 1.3310472028093043
-0.4431017257943125 , 0.2774979695427291 , 1.3260779859488256
-0.45738727161461207 , 0.2729629694323986 , 1.3212077578153767
-0.47195578729846277 , 0.26790840783326947 , 1.3160714999277332
-0.4867878317390877 , 0.2623051849533892 , 1.310659369964844
-0.5008698051710099 , 0.2565465463036827 , 1.3053427194950635
-0.514699352162437 , 0.2504626585449425 , 1.2999447488153102
-0.5281483144215884 , 0.2441259832209369 , 1.294519602275812
-0.5412147164264993 , 0.23755926820437534 , 1.2890747707424723
-0.554611075359408 , 0.23039160251867868 , 1.2833053213487176
-0.5686621393116238 , 0.22238118708573584 , 1.2770391388544797
-0.5812420746176749 , 0.21476315073185284 , 1.2712317111539582
-0.5946752286846068 , 0.20614084500358476 , 1.2648120291987162
-0.608343462297757 , 0.19682382071088 , 1.2580337140697224
-0.6196668511046133 , 0.1886536522755896 , 1.2522197570198121
-0.6317824777754409 , 0.1794279575340657 , 1.2457870514863039
-0.64298994374153 , 0.1702828570321002 , 1.239647527179362
-0.653768011711098 , 0.16175694094729096 , 1.2334220178898585
-0.665290557049282 , 0.15138974665068933 , 1.2266594475686385
-0.6771126689063144 , 0.14036858302761357 , 1.2194093851948484
-0.6886495232167308 , 0.1290387554867326 , 1.2120354733017145
-0.6991491474747102 , 0.11808303912187165 , 1.2050509478774212
-0.7095498851235349 , 0.10687922130963959 , 1.1978394058131796
-0.719597950097806 , 0.09538956898274181 , 1.1905818729313284
-0.7289305804680398 , 0.08417497258346783 , 1.1835564994863457
-0.7383449059029902 , 0.07228430919267363 , 1.1761636656585748
-0.74780330357369 , 0.05969714028492335 , 1.1683934487932792
-0.756492871814581 , 0.0475090812414092 , 1.1609176203655343
-0.7662871334693732 , 0.032973648553528905 , 1.1520556231074186
-0.7755279329135001 , 0.018386610690947214 , 1.1432130276284849
-0.7837223884971593 , 0.0046455276653396375 , 1.1349229759076211
-0.7910840217839943 , -0.008433274057720338 , 1.1270626925285583
-0.7976731074760931 , -0.020807935666928658 , 1.1196481050005374
-0.8039743417536755 , -0.03331263390125844 , 1.1121737944528676
-0.8098614444105018 , -0.04567188235095964 , 1.1048014566526903
-0.8158033433296166 , -0.05890928077749801 , 1.096918581119306
-0.8208561945011461 , -0.07086379306409508 , 1.0898086468520125
-0.8246211682404013 , -0.08025137447677694 , 1.0842297884156085
-0.8273539427444856 , -0.08735564326664588 , 1.0800099161141585
-0.8283716064158752 , -0.09007052587629814 , 1.07839816406218
