0.7520130450176293 , -0.7899081406765271 , 0.8248077549041218
0.7542401471443575 , -0.787477508323494 , 0.8255404727023787
0.7565189010748933 , -0.784974087839141 , 0.8262929509530351
0.7586814406039193 , -0.7824985192086672 , 0.8271271142790443
0.7609513495973514 , -0.7800563742363426 , 0.8277647754426793
0.7633029960510633 , -0.7774209932293407 , 0.828550117013326
0.7654290101285515 , -0.7750225526424972 , 0.8292628198060527
0.8477589591424188 , -0.668399921805792 , 0.8592445518553635
0.8496907495474636 , -0.6655083365755705 , 0.8600204989266086
0.8514660067556495 , -0.6628318791319554 , 0.8607371830675751
0.8532809097219789 , -0.6600763714151902 , 0.8614735110484127
0.8550703758403748 , -0.657340111827577 , 0.8622031824188047
0.8568186384831602 , -0.6546479977822951 , 0.862919626059984
0.8586057518968296 , -0.65187649844691 , 0.8636557044058036
0.8603676249040494 , -0.6491244861090546 , 0.8643851258533817
0.8620887418732139 , -0.6464169964091523 , 0.8651013216361263
0.8891770488902733 , -0.6010591846348988 , 0.8769027005943038
0.89082520317808 , -0.5981151734343257 , 0.877656664470439
0.8924063100911117 , -0.5952688713235259 , 0.8783843011823574
0.8939778538568837 , -0.5924179945265026 , 0.8791118365197835
0.8955538480434313 , -0.5895368312498108 , 0.8798458226251561
0.8970921935782789 , -0.5867026498667237 , 0.8805665997030829
0.8986488157419315 , -0.5838124229756735 , 0.8813003769766282
0.9001956427223036 , -0.5809176745678112 , 0.8820340476031169
0.9237740746251988 , -0.5336443830372043 , 0.8938490390156776
0.9251999983935523 , -0.5305715468735533 , 0.8946068790608368
0.9265422193098647 , -0.5276537952248405 , 0.8953253992171651
0.9278352005753537 , -0.5246901921838852 , 0.8961346766558534
0.9292215232939168 , -0.5217539498722984 , 0.8967751406062543
0.9305463364219961 , -0.5187984327093804 , 0.8974998276035904
0.9318494397869156 , -0.5158659075583263 , 0.8982178639643655
0.9331545148225655 , -0.5129030899666774 , 0.898942304055528
0.9528250833480925 , -0.46464190995662125 , 0.9106068255124504
0.9539957118657967 , -0.46152041182588477 , 0.911355026993087
0.9551389264232439 , -0.45844284948564196 , 0.9120900681231283
0.9562616802284434 , -0.45538947275008007 , 0.9128184606035536
0.9573642400684296 , -0.4523603985750597 , 0.913540207411139
0.958466462913535 , -0.44930108493023635 , 0.9142683121280459
0.9595389532696105 , -0.4462935519597386 , 0.9149832730328694
0.9606110894094612 , -0.4432558499923064 , 0.9157045901504448
0.9616635453069917 , -0.44024274699258426 , 0.9164192659440589
0.9626871522228533 , -0.4372817805073173 , 0.9171208083648255
0.9637384968190791 , -0.4342084132068319 , 0.9178481872468182
0.9647609766535429 , -0.4311872512287397 , 0.9185624311042643
0.9658009215086019 , -0.42808096872443596 , 0.9192960026894919
0.9668212340902351 , -0.4249994865763485 , 0.9200229299614673
0.9677593633917763 , -0.42213574528498216 , 0.9206977971233544
0.9687507447860899 , -0.419076773400712 , 0.9214179419681345
0.9697670719229219 , -0.41590490590422213 , 0.9221638780164745
0.9707115393520963 , -0.4129236762814693 , 0.9228642601985277
0.971672145198356 , -0.4098572148498091 , 0.9235839461451282
0.9726650769745802 , -0.4066500415045178 , 0.9243358855778999
0.973587889977942 , -0.4036340344614701 , 0.9250422950119017
0.9744924828260467 , -0.40064346629829656 , 0.9257420753278074
0.9753904376431912 , -0.3974473860706792 , 0.9265689704226936
0.9763784078272291 , -0.3942951574682268 , 0.927225376880081
0.9773009505514783 , -0.39113129422743187 , 0.9279635379477595
0.9781967466481157 , -0.3880206766411201 , 0.9286885851105195
0.9790820682126706 , -0.38490785526181454 , 0.9294134691335049
0.9799491443949531 , -0.38182068868830116 , 0.9301317191578481
0.9807982476318465 , -0.37875926973641216 , 0.9308433386993239
0.9816448104673745 , -0.37566797176109806 , 0.9315612654518015
0.9824810617634328 , -0.372574652273873 , 0.9322790285663841
0.9832996012577512 , -0.3695072414876853 , 0.932990163077667
0.9944501775398399 , -0.32283450153810156 , 0.9437473485974633
0.995251238058332 , -0.3190369111250881 , 0.9446175797154264
0.995915716815049 , -0.31582848287405735 , 0.9453522356879807
0.9965635444616814 , -0.31264681711269215 , 0.946080260319727
0.9971894127613159 , -0.30952016176312763 , 0.9467952174337202
0.9978048785040545 , -0.30639225210914883 , 0.9475099931904272
0.9984045344216826 , -0.30329131993897884 , 0.9482181497737138
0.9989886567077901 , -0.3002174325612512 , 0.9489196912455405
0.9995731803155469 , -0.2970860072181566 , 0.9496339227984076
1.0001472912896119 , -0.29395347110297004 , 0.9503479696078275
1.0007059555704243 , -0.2908480957765088 , 0.9510554004704938
1.0012692037582065 , -0.2876569664429373 , 0.9517819342398127
1.0018071269247846 , -0.2845495595880083 , 0.9524889930531234
1.0023205605300052 , -0.28152598951322366 , 0.9531765911643506
1.0028569274029027 , -0.2783036643984371 , 0.9539089791042648
1.003368614556018 , -0.2751652307382493 , 0.9546219012705857
1.0038966745290905 , -0.2718562239096436 , 0.9553731533115911
1.0044087848287861 , -0.2685745998245589 , 0.9561177742465332
1.004883886456333 , -0.2654619252822304 , 0.9568236861283472
1.0053571033355964 , -0.2622919039473055 , 0.9575422376905787
1.00582786570718 , -0.25906453329915835 , 0.9582734174894516
1.0062876259383504 , -0.2558364532601164 , 0.9590043915327436
1.0067169317127092 , -0.2527493283922848 , 0.9597031120435687
1.0071703452572127 , -0.24940665231565906 , 0.9604593111471726
1.007597192035182 , -0.24617668427885459 , 0.9611896642196133
1.008013034785 , -0.24294616327363838 , 0.9619198078531968
1.008407360728307 , -0.23980016197093465 , 0.9626305350577913
1.008794665186712 , -0.23662536138935816 , 0.9633474622055906
1.0091713484207494 , -0.23345013887930754 , 0.9640641845661834
1.0095374107288184 , -0.23027453159330386 , 0.9647807012647013
1.0098897259445223 , -0.22712693484884391 , 0.9654906167163398
1.010228576549697 , -0.22400739354800103 , 0.9661939355638114
1.010536577585018 , -0.22108612793026627 , 0.9668523156512415
1.010855594012667 , -0.21796610610380013 , 0.9675552447490143
1.0111864255675405 , -0.2146189560753467 , 0.9683090708190317
1.0114815537801476 , -0.21152693381876217 , 0.9690051937555116
1.0117640581899456 , -0.2084631586016926 , 0.9696947324870195
1.0120490763013756 , -0.20525745020015823 , 0.9704159827277364
1.0122633196623674 , -0.20208097820337773 , 0.971209173375572
1.0125844222853846 , -0.19887427239126806 , 0.9718514526229565
1.012830563338704 , -0.19575361727071172 , 0.9725529222820898
1.0130769528109596 , -0.1924911721304125 , 0.9732860540970826
1.0133041680218091 , -0.1893422965739555 , 0.9739934687671314
1.0135304895751596 , -0.1860517172192264 , 0.9747325203477124
1.0137309808023258 , -0.18298823625368385 , 0.9754203919780962
1.0141540756340137 , -0.17595435006460997 , 0.9769991751514474
1.0143296320016704 , -0.17274983537949784 , 0.9777181805042859
1.0144944090725865 , -0.16954565022041931 , 0.9784369595037701
1.0146431425166464 , -0.16645523533260953 , 0.9791300796826294
1.0147855280370828 , -0.16328015514787883 , 0.9798420554614615
1.0150364903964533 , -0.1569880108385247 , 0.9812526274217636
1.015145448351624 , -0.15387100193809172 , 0.9819512298969494
1.0150465250456424 , -0.08751837413686418 , 0.9968095324631511
1.014927603660528 , -0.08439322749383751 , 0.9975093365183183
1.0147972021476834 , -0.08124126827237733 , 0.9982151995235661
1.014660260796438 , -0.07817506524017631 , 0.9989019177896873
1.0145148212766217 , -0.07513831840611634 , 0.9995821038417728
1.0143611594619903 , -0.07213102317847865 , 1.0002557633269302
1.0141806645811606 , -0.06881614384315131 , 1.000998412847195
1.0140003184153346 , -0.06569945647098292 , 1.001696752603365
1.013816788839834 , -0.06269653501457718 , 1.0023696928085257
1.0136163610903568 , -0.05958289610112811 , 1.0030675459283755
1.0134018302625627 , -0.05641480370027417 , 1.003777717165883
1.0131726424667558 , -0.053192384117639296 , 1.0045001919008743
1.0129367776635332 , -0.05002775904364955 , 1.0052098396722173
1.0127037017060248 , -0.04703280196442827 , 1.0058815666654302
1.0123888359395155 , -0.04388140356897656 , 1.0066664332479538
1.0121755001481076 , -0.04065647449202927 , 1.007312126729806
1.0118902988727236 , -0.037415302039342284 , 1.0080395443834826
1.0116018067712664 , -0.034259899387050693 , 1.0087478816707514
1.0112947150939333 , -0.0310227618910313 , 1.0094747484779925
1.0109821286640355 , -0.02784348572085861 , 1.0101888098518121
1.010670379771958 , -0.02477772368457931 , 1.0108775587975218
1.010333831731639 , -0.02157470471249545 , 1.0115973430549148
1.009995629047888 , -0.018457338226026868 , 1.0122980827238244
1.0096534526707375 , -0.015397686351815376 , 1.012986051298523
1.0092948691133317 , -0.012284523914931199 , 1.0136862649647
1.0089326941210983 , -0.009229069294825407 , 1.0143737152585264
1.0085606236835492 , -0.006175744886470783 , 1.0150609075085582
1.0081892151375333 , -0.003207768553902715 , 1.0157291097886534
1.007794046074747 , -0.00013103605033928933 , 1.0164220319433515
1.0073814360823923 , 0.002998800873645291 , 1.0171271667185902
1.0069546336745552 , 0.006153914782688855 , 1.0178382621711153
1.0065133712284644 , 0.00933420436544899 , 1.0185553099905211
1.0060772596586913 , 0.012401457756090889 , 1.019247144360449
1.005647391578632 , 0.015355899638398826 , 1.0199137934389795
1.0051708727885134 , 0.018556282136589816 , 1.0206362328802316
1.0047046829691684 , 0.021616185262305077 , 1.0213272562424904
1.0042285181781023 , 0.02467357825100143 , 1.0220180083925456
1.0037246850927382 , 0.027838464423121878 , 1.0227333655663025
1.0032372769916842 , 0.03083567224278018 , 1.023411129351692
1.0027494870934563 , 0.033775437017467075 , 1.0240762003573523
1.002233709465376 , 0.036822504211937154 , 1.0247658642094157
1.0016314175984398 , 0.04030550463012236 , 1.0255546012132328
1.001084615612519 , 0.043401568029382026 , 1.0262560867205823
1.000532532357766 , 0.04646742450708362 , 1.0269510809040898
0.9999754493168256 , 0.04950311616417341 , 1.0276395904729982
0.9994033407325733 , 0.052563307392781936 , 1.0283340201498514
0.9988316758927241 , 0.05556603517624226 , 1.0290157720776472
0.9982396788471076 , 0.0586204576247968 , 1.0297096363871323
0.9976430854096972 , 0.061644689559349666 , 1.0303970227936987
0.997036666113373 , 0.06466598463949531 , 1.0310841269416398
0.9858690574169752 , 0.11311956244305346 , 1.0421616602049346
0.9850816392347264 , 0.11613986645561851 , 1.0428560722920246
0.9842984428061592 , 0.11910342411717553 , 1.0435378937604176
0.9835056218653159 , 0.12206375418076168 , 1.0442194169308252
0.9827104490211636 , 0.12499428152984284 , 1.044894505154046
0.9819058207689131 , 0.12792176696389157 , 1.0455692988001735
0.9810842826350282 , 0.13087289863970875 , 1.046249927502799
0.9802530860875254 , 0.13382122352990622 , 1.0469302545876717
0.9794274337378106 , 0.1367139463896782 , 1.047598029204161
0.9786154896838256 , 0.13952505537366738 , 1.0482471442279062
0.9777556262993016 , 0.14246724494951196 , 1.0489265806435188
0.9769015254062408 , 0.14535587044110398 , 1.049593478232843
0.9759896543982443 , 0.14840475860132843 , 1.0502967661180587
0.9750903738420937 , 0.15137884937241058 , 1.0509813909269554
0.9742033687118903 , 0.15428492499227084 , 1.0516473767404302
0.9732011620030546 , 0.1575474909618611 , 1.0523863327734175
0.9722329579491736 , 0.16072110452494706 , 1.0530760945632858
0.9712416902628738 , 0.1638669651196891 , 1.0537900093706176
0.9705110593902054 , 0.16558629706134997 , 1.0544608619376692
0.9695731430529662 , 0.16850308162027167 , 1.055125192131789
0.9685499832933219 , 0.17170781195568025 , 1.055825869991567
0.9676175981044014 , 0.17454261328533655 , 1.0564714089399343
0.9665587075663121 , 0.17770688871789014 , 1.057201861351516
0.9655546497997107 , 0.18066470528326328 , 1.0578893672100782
0.9645515174139817 , 0.18358327832639143 , 1.05857046583158
0.9635489597583801 , 0.18646634795597583 , 1.0592451650512589
0.9625469209577471 , 0.18931589800651977 , 1.0599134726400192
0.9615270251178498 , 0.19218473556533588 , 1.0605875388383916
0.9605168661349555 , 0.19499600533399608 , 1.0612491491152884
0.959479320726158 , 0.1978532589469168 , 1.0619225819383584
0.9584233436688333 , 0.20073078697541138 , 1.0626017565814452
0.942671313286253 , 0.240506404625229 , 1.0720814564936845
0.9413934145352253 , 0.24350776142560193 , 1.0728037698535127
0.9401806520185465 , 0.24632866175400442 , 1.0734835912899345
0.9389696370446644 , 0.2491194270873731 , 1.0741570540697642
0.9377059622985103 , 0.25200440888867565 , 1.074854208690632
0.9364767978367082 , 0.2547846168352946 , 1.0755269746578824
0.9352720253474921 , 0.2574853381566512 , 1.07618139022698
0.9340365167757531 , 0.2602305029826529 , 1.0768474781995963
0.932792319024515 , 0.2629704845002728 , 1.0775132270909562
0.911520295256326 , 0.3064653166092834 , 1.0882135657454142
0.9100926321465708 , 0.3091836897165853 , 1.0888912024367565
0.9086941168886533 , 0.3118247726080047 , 1.0895506479465977
0.9072746023937489 , 0.3144838667116392 , 1.0902156749251464
0.9058057225996012 , 0.3170817434745092 , 1.090942638145777
0.9043824138797978 , 0.31970540835457983 , 1.0916009507541091
0.9030303334287376 , 0.3223082219622345 , 1.0921789486445
0.9015906753721148 , 0.3249205605625938 , 1.0928366159328595
0.8788160942683544 , 0.36373010715208187 , 1.1027462360987998
0.877034734529223 , 0.3665843155798905 , 1.1034860673197433
0.875442869267627 , 0.3691146075273439 , 1.1041432929330068
0.8738860457543337 , 0.37157096846873305 , 1.1047825500612352
0.8722785916778503 , 0.37408858513530896 , 1.1054390263668168
0.8706488167571396 , 0.37662213082429297 , 1.106100977987523
0.8690401195748343 , 0.3791044038463595 , 1.1067508352753628
0.8674091519204612 , 0.3816025535713701 , 1.1074061662373949
0.8657850630570257 , 0.38407194466033046 , 1.1080552677309987
0.8404758878798386 , 0.4203888400348507 , 1.1177634389076676
0.838543755942576 , 0.42300693221015506 , 1.118475881558804
0.8367767115139035 , 0.4253835761922902 , 1.1191241930761968
0.8350182255820177 , 0.4277321008053763 , 1.1197663233354098
0.8332207007886399 , 0.4301158616435339 , 1.1204196210591542
0.8314477931276909 , 0.4324504540042319 , 1.1210609598639363
0.8296677789059373 , 0.43477810717272003 , 1.1217019052854234
0.827880684688378 , 0.4370987979130912 , 1.1223424565361062
0.8260373503555795 , 0.4393727220255899 , 1.1230476711147102
0.796168078751416 , 0.4757796094909577 , 1.1332620738631332
0.7942227409906404 , 0.4780094551392129 , 1.1339067434327443
0.7923225232394376 , 0.48017274709048297 , 1.134533890584231
0.7903985324778188 , 0.48234832964740204 , 1.1351663309840283
0.7884506208678106 , 0.4845359812246154 , 1.1358040527656537
0.786531080466914 , 0.4866771836586554 , 1.136429978876699
0.7846052126708338 , 0.4888110482711764 , 1.1370555001204488
0.7826554511700043 , 0.4909568529488906 , 1.1376862967491075
0.780716954742402 , 0.49307591431583825 , 1.1383110022981682
0.7503700201569043 , 0.5244907003943369 , 1.1477953033615511
0.7482593071378116 , 0.5265594845864761 , 1.1484357587952
0.7461981722926353 , 0.5285658714788259 , 1.1490589273782104
0.7441684748359864 , 0.5305284504076817 , 1.1496704514331857
0.7420770602890325 , 0.5325371233732946 , 1.1502983759942151
0.7399797428080442 , 0.5345377481629415 , 1.1509258635039676
0.7379329648321691 , 0.536477039204178 , 1.1515361229190737
0.7358240897899304 , 0.538461728198589 , 1.1521627457354149
0.733747216396893 , 0.5404030884855192 , 1.1527777511832562
0.7035869894999007 , 0.5671014009472798 , 1.161536733651565
0.70137185827542 , 0.5690528655534443 , 1.162111837342198
0.6991685779444089 , 0.5708975885469494 , 1.1627308969398773
0.6969797617685286 , 0.5727175523936405 , 1.16334398270238
0.69482536852225 , 0.5744966790271044 , 1.1639455885730148
0.6926263685691691 , 0.5763002418759422 , 1.1645577910926441
0.6904023971786306 , 0.5781116419325952 , 1.1651750561388337
0.6882131247742113 , 0.5798824562122855 , 1.1657808551216047
0.6860189133946747 , 0.5816450901900649 , 1.1663862138938283
0.6492320171932113 , 0.6094608739603291 , 1.1762832610459
0.6468737260626402 , 0.6111370745364396 , 1.1769025403680184
0.6445144114733266 , 0.6127231602769072 , 1.1775697179320452
0.6422886210673947 , 0.614360722126206 , 1.1781016847925136
0.6399791243323312 , 0.6159669561967321 , 1.178703277483368
0.6376444117315124 , 0.6175789119773069 , 1.1793098195898117
0.6353098844684829 , 0.6191011700739123 , 1.1799640383521306
0.6330456012154286 , 0.6207196179814573 , 1.1804998632307593
0.5948141132882049 , 0.6451286304000937 , 1.190167278342975
0.5924230211903553 , 0.6465580946007019 , 1.1907593523454991
0.5899850562919766 , 0.6480042065843011 , 1.1913616025840812
0.5875865518084451 , 0.6494157660570574 , 1.1919527097353488
0.5852060810298002 , 0.6508058406545458 , 1.1925380178736311
0.582800395558505 , 0.6521996944524502 , 1.1931281682518704
0.5803911529344046 , 0.6535846403993504 , 1.1937178370050563
0.577978386356162 , 0.6549606686609674 , 1.1943070234159923
0.5755724268949868 , 0.6562481279486478 , 1.1949423837763191
0.5731860431372504 , 0.6576615411133553 , 1.1954733520790022
0.5707411205943846 , 0.6590230357196039 , 1.1960663886883407
0.568314621174462 , 0.6603633781238262 , 1.1966536429471424
0.5659066694267904 , 0.6616828012851383 , 1.197235127264768
0.5633533253244777 , 0.662997181028153 , 1.1978994489186898
0.5610370742766918 , 0.6643187872554889 , 1.198407212157101
0.5585093955357838 , 0.6656701385229042 , 1.199013606056713
0.5561004631415386 , 0.6668745508542725 , 1.1996393259803142
0.5535760179586514 , 0.6682745908225219 , 1.2001932489959848
0.5511707358912854 , 0.6695286571032861 , 1.2007665499715643
0.5485855693418028 , 0.6708650793505356 , 1.2013814013006472
0.5461740791002773 , 0.672101090724095 , 1.201953720038392
0.5436044880937678 , 0.6734069011439872 , 1.2025622716982296
0.5382691346979692 , 0.6760095700525733 , 1.2038706186710164
0.535720330031332 , 0.6773416796397064 , 1.2044213004328579
0.5332935332077482 , 0.6785312076275396 , 1.204991085225891
0.530752446183792 , 0.679765930778494 , 1.2055864951958248
0.5282753471028963 , 0.6809589482352274 , 1.2061657330260458
0.5258177916957653 , 0.6821322430196829 , 1.206739261750056
0.5233798876340304 , 0.6832860520465047 , 1.2073070940183788
0.5208721296622464 , 0.6844624654588702 , 1.2078900536307642
0.5184513214674658 , 0.6855880726106327 , 1.2084517116052154
0.5160504291775078 , 0.6866947392420824 , 1.2090077020554917
0.5135796611769995 , 0.6878235892204118 , 1.2095787958168058
0.5110388393273613 , 0.6889738824005024 , 1.2101649519350115
0.508495347704125 , 0.6901146997075345 , 1.2107505874969537
0.5060619376748591 , 0.6911961761836097 , 1.211309822789356
0.5034456306386146 , 0.6923481077489327 , 1.2119099517933696
0.5008943892229989 , 0.6934606272009057 , 1.2124940305441585
0.49831800954644845 , 0.6945733645785076 , 1.2130827476873063
0.49571123942441525 , 0.6956183431136147 , 1.2137259819264852
0.4932029896586364 , 0.6967507071491166 , 1.2142482756021733
0.4907778832924948 , 0.6977682955468368 , 1.2147993632735727
0.4882371633967717 , 0.698824287816374 , 1.215375697151232
0.48560327007892184 , 0.6999081255812644 , 1.2159720685092956
0.48303515036155964 , 0.7009542722427595 , 1.2165524816421898
0.4804875099846039 , 0.7019817478191887 , 1.2171272368195256
0.4779604433594501 , 0.7029907985406498 , 1.2176963472528934
0.47531727026809645 , 0.7040354559132728 , 1.2182905468188208
0.4727858857893934 , 0.7050256586340733 , 1.2188586107051933
0.47022960869713193 , 0.7060154339880165 , 1.2194312725409573
0.46771697228125686 , 0.7069783906042613 , 1.2199931994215134
0.46515376229121763 , 0.7078818693107408 , 1.2206139438983596
0.46266297941645235 , 0.7088856502914687 , 1.221120634629397
0.46009875164518393 , 0.7098382437114873 , 1.221691224605414
0.45757844130767267 , 0.7107646669853871 , 1.2222511139258871
0.45517099031686703 , 0.7116405093797186 , 1.2227850802200295
0.4525553402285756 , 0.7125820526367187 , 1.2233642907105247
0.44998374182096146 , 0.713497572986869 , 1.2239328073106357
0.44731841885590445 , 0.7144358558095237 , 1.2245210711354118
0.4448122237706488 , 0.715308302692739 , 1.2250733191539442
0.44218932830326546 , 0.7162112145228479 , 1.2256503628991804
0.43949560049545133 , 0.7171277252238732 , 1.2262420206112505
0.436984445412598 , 0.7179723035891327 , 1.2267927016036475
0.43435647026484137 , 0.7188460601024572 , 1.2273681043092206
0.4318883787765815 , 0.7196572664021067 , 1.227907673372557
0.429188017507276 , 0.7205344216977346 , 1.2284971124723372
0.4266477198923546 , 0.7213496967369275 , 1.229050754634116
0.4240828930403913 , 0.7221631457220751 , 1.2296089072198464
0.4186482499534598 , 0.7238546851715469 , 1.2307888461009031
0.4158013270725517 , 0.7247234534219196 , 1.2314054895713142
0.41318445550562544 , 0.7255115400697105 , 1.2319714281738843
0.4106126254023559 , 0.7262763066689352 , 1.2325268168544288
0.4080627522648111 , 0.7270250194656592 , 1.233076679948121
0.405488508630481 , 0.7277712903311797 , 1.2336310143061362
0.4029131037971593 , 0.7285082699709213 , 1.2341848181244977
0.4003365718803097 , 0.729235957542572 , 1.2347380907402423
0.39787507924970567 , 0.7299221920835501 , 1.2352659447078311
0.39531967805131746 , 0.7306253615470419 , 1.235813204248545
0.392600554712079 , 0.7313632613385995 , 1.2363947147546681
0.39008961687539917 , 0.7320352344441139 , 1.2369309672639441
0.3875312486071695 , 0.7327106068215219 , 1.2374766302430757
0.38487889194645897 , 0.7334009065518311 , 1.2380415809503453
0.3822721547484227 , 0.7340695486549982 , 1.2385960698631526
0.37973440537816705 , 0.734711195055698 , 1.2391351819629963
0.37707939910955246 , 0.7353726866788773 , 1.2396984698438922
0.37460996451069306 , 0.7359789629255046 , 1.2402217198247851
0.37211653660457655 , 0.7365823638584728 , 1.2407494081512234
0.36948256391351714 , 0.7372102258713785 , 1.2413061426504381
0.3667779235595871 , 0.7378447406151608 , 1.2418770758993949
0.3641238842340036 , 0.7383915613270394 , 1.2424841902266546
0.35868323118630163 , 0.7396822476573733 , 1.2435814276257975
0.356097938303133 , 0.7401841140249358 , 1.244171906824038
0.35347829408632103 , 0.7408152180976274 , 1.2446739347671558
0.3508634132583468 , 0.7413701074345462 , 1.2452218103609896
0.3482714357074347 , 0.7419107186353344 , 1.2457642473846184
0.3456790502929302 , 0.7424420497281443 , 1.2463061393894008
0.34306293112835395 , 0.7429687636987095 , 1.2468523602430077
0.34053991679134077 , 0.7434677224204469 , 1.2473785464579017
0.30080768663431984 , 0.7501666212251015 , 1.2555925066567188
0.29814370460918677 , 0.750538283396753 , 1.2561386788390816
0.2954566152991275 , 0.7509033525840392 , 1.2566890463969054
0.29283991134015463 , 0.751249390543301 , 1.25722448087241
0.2902468847494296 , 0.751583086737546 , 1.2577545735695688
0.28767756010311385 , 0.7519046946907719 , 1.2582793389683593
0.28508525560565134 , 0.7522200665590059 , 1.258808317637729
0.2824933637849183 , 0.7525262420702998 , 1.2593367358393248
0.27990191803756737 , 0.7528232262469177 , 1.2598645929501253
0.24110638433968803 , 0.7561788222645461 , 1.2677146978220706
0.2382477580782687 , 0.7563452771058531 , 1.2682895452800034
0.2355761828713516 , 0.7564908132123065 , 1.2688263694119113
0.23299859739151207 , 0.7566220447224966 , 1.269343938859036
0.23044530092890225 , 0.756743142789508 , 1.2698562810902727
0.22786989502241373 , 0.756856322503084 , 1.2703727087208487
0.22529563646588852 , 0.7569604439218253 , 1.270888562984079
0.22274573109424245 , 0.7570547005239788 , 1.2713992030202836
0.22019701399473096 , 0.7571400784281017 , 1.271909278128779
0.1791459533253123 , 0.757294273146793 , 1.2800841965515781
0.17646206037389484 , 0.7572239223227308 , 1.2806162909741048
0.17389472997728134 , 0.7571473371920271 , 1.2811250364378004
0.17132925832797996 , 0.7570617236336018 , 1.2816331847278961
0.1687885587561429 , 0.7569679769684307 , 1.282136206190985
0.16627261239623506 , 0.7568663468189004 , 1.2826341161216597
0.1637357062554653 , 0.7567549957696196 , 1.2831359668510216
0.16120075280883372 , 0.7566348184944255 , 1.2836372286967612
0.15871340502940318 , 0.7565082278294515 , 1.2841288851738875
0.11807604727954293 , 0.7532128137901573 , 1.2921387723501343
0.11537985598309941 , 0.7529115224661588 , 1.2926689919551901
0.11284366839603027 , 0.7526186174092553 , 1.293167641184937
0.11039967652043897 , 0.7522643454370326 , 1.2936927431879
0.10798082457526004 , 0.7520311943018001 , 1.2941234788962337
0.1054525450556067 , 0.7517123394218299 , 1.2946203092923863
0.10301638737489985 , 0.7513963775045533 , 1.2950989615527628
0.10058283674736834 , 0.7510721856999991 , 1.295577032713966
0.09815192190163635 , 0.7507397767639788 , 1.2960545222508442
0.05834937628492713 , 0.7440610688030276 , 1.303867965869494
0.05588202673501732 , 0.7435691436447975 , 1.3043523026630728
0.053461652579410816 , 0.7430775940589496 , 1.304827448579545
0.051022823424120414 , 0.7425732633872858 , 1.3053062532331907
0.04863084918385894 , 0.74206978734051 , 1.3057758992877577
0.046220477999642504 , 0.7415535615597544 , 1.306249203074168
0.043835168343485234 , 0.7410339029155992 , 1.3067176361199537
0.04140994126383459 , 0.7404965442071672 , 1.3071939650878168
0.0027452483560702137 , 0.730678395437893 , 1.3148000939771851
0.0003714743222713122 , 0.7299328315573889 , 1.3153113283523212
-0.001985246916390477 , 0.7292472891745976 , 1.315776115799317
-0.004304548329046594 , 0.7286280924063896 , 1.3161905388647777
-0.006590556571861826 , 0.7279455827841903 , 1.3166417181671253
-0.008947410349280021 , 0.7271682891946425 , 1.317150120922093
-0.011287960976130707 , 0.7264511912659063 , 1.3176123732232399
-0.013612831542712547 , 0.7257943790954634 , 1.318028697939916
-0.015903660916561327 , 0.7250746491066387 , 1.3184815171228328
-0.018086579829339394 , 0.7243805448047776 , 1.318913177116516
-0.020327989748652582 , 0.7236594017116615 , 1.3193565824051434
-0.022606839262480888 , 0.7229174087125135 , 1.3198075856883154
-0.024902217774094182 , 0.7221610211635442 , 1.320262061241464
-0.02715211860068891 , 0.7214108030863366 , 1.320707733932232
-0.02948024796493008 , 0.7206252702462056 , 1.3211691186611567
-0.03186556487991457 , 0.7198106610232649 , 1.3216420712139088
-0.03425576813814801 , 0.7189193731915307 , 1.3221589584799054
-0.03657002785532887 , 0.718109756413625 , 1.3226182668932307
-0.038870599890198074 , 0.7173606994915581 , 1.3230324430425389
-0.04109446701481117 , 0.7165647809108202 , 1.3234743090787442
-0.04339544293608828 , 0.715731991173388 , 1.323931744433631
-0.04569180957134758 , 0.7148914207632809 , 1.3243885216926605
-0.04796327912095735 , 0.714050631881247 , 1.324840606783242
-0.05014928596549553 , 0.7132326707535377 , 1.3252759327528507
-0.052452089562645646 , 0.7123616183873808 , 1.3257347898197973
-0.05481050073157455 , 0.7114594975135259 , 1.3262050234512262
-0.057043265694723344 , 0.7105960325640043 , 1.326650487838387
-0.05929147883668803 , 0.7097173027266731 , 1.327099318806111
-0.06151496781834391 , 0.7088390201187186 , 1.3275435010280983
-0.06369386370171348 , 0.7079694147385196 , 1.3279790581993456
-0.06590810103187245 , 0.7070765946967953 , 1.328421973594225
-0.06811763282173111 , 0.7061764705769462 , 1.3288642490990434
-0.10077514657460968 , 0.6917668916490716 , 1.3354407425954093
-0.10313583300969233 , 0.6906423843600397 , 1.335919343786873
-0.10531816806722902 , 0.6895925522184454 , 1.3363622149187186
-0.10741878160563159 , 0.6885726429994975 , 1.3367888983014007
-0.1094952881712845 , 0.6875553297526745 , 1.3372110741221062
-0.11162372747508081 , 0.6865031170915629 , 1.3376442171782064
-0.11372975236633386 , 0.6853849943722901 , 1.3381148064524735
-0.11582687114507274 , 0.6843969015042201 , 1.3385008127519025
-0.11792055643346945 , 0.683333579913198 , 1.338928134627791
-0.15104377595300222 , 0.6651347970997695 , 1.345792092230673
-0.1531534138754541 , 0.6639625368327207 , 1.3461899928566743
-0.15514713563888122 , 0.6627792559849816 , 1.3466053696703584
-0.15711727994150823 , 0.6616003699610734 , 1.347016353886577
-0.159099646505797 , 0.6604044685027807 , 1.347430417513536
-0.16107321378678038 , 0.6591343242002601 , 1.347884096990779
-0.16302942382904273 , 0.6580046974128524 , 1.3482528482382259
-0.1649768964006494 , 0.6568009885353882 , 1.3486612263322517
-0.16697155320053353 , 0.655558080937807 , 1.3490800655515172
-0.16887231536227548 , 0.6543641590965953 , 1.3494797309192816
-0.17078507280652083 , 0.6531532498562425 , 1.3498824611171385
-0.17281446195688469 , 0.6518580556729975 , 1.350310352720578
-0.1747503651210554 , 0.6506124198592755 , 1.3507191225664201
-0.176697728275821 , 0.6493493737774502 , 1.3511309023786007
-0.17872558914647815 , 0.6480233308722633 , 1.351560343167523
-0.18059160152561254 , 0.646793320505436 , 1.3519560947612042
-0.1825551580647829 , 0.6454887840137999 , 1.3523731496426579
-0.18451240469984795 , 0.6441779147175586 , 1.3527895027073487
-0.18636079838833963 , 0.6429302216843015 , 1.3531832946586126
-0.18827162961313304 , 0.6416303652090662 , 1.3535910053427456
-0.19017630994285753 , 0.6403244736551902 , 1.3539980373370886
-0.19202404699326833 , 0.6390477914307792 , 1.3543935146173458
-0.1939165315499191 , 0.6377300680561881 , 1.3547992061580936
-0.19582962248998123 , 0.6363154098307051 , 1.3552504109255272
-0.19785040774013848 , 0.6349577731470858 , 1.3556446168418792
-0.1996902478566941 , 0.6336456407532329 , 1.3560410054474497
-0.20155373673848337 , 0.6323049680730022 , 1.3564439280285936
-0.20340152587126528 , 0.6309682239019261 , 1.356842576358719
-0.20522299899879115 , 0.6296390096467496 , 1.3572369743908639
-0.20703836819469204 , 0.628304203520406 , 1.357630714076971
-0.20886403493938893 , 0.6269516201867239 , 1.3580273654623773
-0.21068344937279973 , 0.6255933947212399 , 1.3584233456702655
-0.23754145625281772 , 0.6042088151670226 , 1.3643959295193384
-0.23942285852633435 , 0.60269846885469 , 1.3647783420442072
-0.2411467298529234 , 0.6012337857991215 , 1.365166115109152
-0.24283330542516945 , 0.5997901499216631 , 1.36554629138606
-0.2445134112592591 , 0.5983414788423916 , 1.365925801075709
-0.24620221642046902 , 0.5968745609494522 , 1.3663080847712479
-0.2478541503484123 , 0.5954291373320154 , 1.3666828192089768
-0.249499685204934 , 0.593978848009048 , 1.3670568980335573
-0.2511538139239365 , 0.5925103468337083 , 1.3674337437469215
-0.25272664699395764 , 0.5911040223345921 , 1.3677928365695973
-0.2544573005765649 , 0.5895452035938157 , 1.3681888401643056
-0.25606202269339184 , 0.5880890422826419 , 1.3685568642331294
-0.2577932987965511 , 0.5865062897457366 , 1.3689548286529936
-0.2593847635000375 , 0.5850404736898935 , 1.369321507761359
-0.26108700172293947 , 0.5834609613274812 , 1.3697146286046622
-0.26266520710266134 , 0.5819856436464266 , 1.3700799672561765
-0.26441124507622593 , 0.5803410761729416 , 1.3704851404669611
-0.26616379598637296 , 0.5786771624123072 , 1.3708928811038015
-0.2677643937737678 , 0.5771458110244504 , 1.371266209321592
-0.269329512593201 , 0.5756374689928855 , 1.3716321448838407
-0.27097244014292154 , 0.5739625250276471 , 1.3720567106340014
-0.2726657365092834 , 0.5723055158453935 , 1.372454620671975
-0.2742680776395066 , 0.5708057519076432 , 1.3727926969990512
-0.2758758895343281 , 0.5692085483670353 , 1.3731725112112687
-0.2776444807448003 , 0.5674376181788122 , 1.3735914636836333
-0.27926483324081 , 0.5658020739921995 , 1.3739763837194305
-0.2807777262719864 , 0.5641822718805065 , 1.3743761113543933
-0.28231712279973314 , 0.5626866998451625 , 1.3747043431761095
-0.283819279544691 , 0.5611366892408587 , 1.3750640133035468
-0.2853557810634386 , 0.5595395800573026 , 1.3754328914389675
-0.28687155105654905 , 0.5579523214307593 , 1.3757977844694063
-0.2883667650320087 , 0.556375060183573 , 1.3761587106556146
-0.3129718688704713 , 0.528633864456125 , 1.3822540838738564
-0.31444314242143473 , 0.5267710364263776 , 1.3826680939123872
-0.31588618657348844 , 0.5251038248961836 , 1.3829979251821714
-0.3172637271060026 , 0.5234154488153424 , 1.3833513398954933
-0.3186216852913347 , 0.5217383830154105 , 1.3837009000467129
-0.3199481098332464 , 0.5200879162051956 , 1.3840434842594693
-0.3212456866727417 , 0.5183719649030099 , 1.3844188336081553
-0.32262794070330114 , 0.5167154436474777 , 1.3847391470628434
-0.3239688621214363 , 0.5150084903447425 , 1.3850890538138168
-0.3252324825441306 , 0.5132973833428988 , 1.3854590189739238
-0.32654572966843787 , 0.5116908641299484 , 1.3857649769134064
-0.3278882670842513 , 0.5099425249623837 , 1.3861190012074673
-0.32921139446748793 , 0.5082058660274665 , 1.3864691929320347
-0.33045725265519577 , 0.5065580922951162 , 1.3868001228483198
-0.331754009777087 , 0.5048298828450584 , 1.3871458208924958
-0.3330432713123775 , 0.5030981880511288 , 1.3874908068456593
-0.3342793798214065 , 0.5014250672391481 , 1.3878227971752197
-0.33559926862193584 , 0.49962446467283766 , 1.3881786412009358
-0.3368547085503868 , 0.49789806548522075 , 1.3885184309820973
-0.3380466897862231 , 0.4962463480171421 , 1.3888422608755058
-0.3393322357189046 , 0.49445101354601506 , 1.3891928627913777
-0.3405212020258718 , 0.4927774441268642 , 1.389518399000056
-0.3418023787603342 , 0.490959732906421 , 1.389870580264489
-0.3430316718957391 , 0.48920140160742825 , 1.3902098899895567
-0.3442968785770453 , 0.4873768883441285 , 1.3905605642497025
-0.34554314379275863 , 0.48556473753779217 , 1.3909074581188468
-0.3467491994685712 , 0.483796670583736 , 1.3912445774562676
-0.3479263159345721 , 0.4820571426755293 , 1.391574980015696
-0.34909608866571407 , 0.4803146379355411 , 1.3919046917721307
-0.35022690508501225 , 0.4786168277121938 , 1.392224748316503
-0.35137709890014046 , 0.47677720680359004 , 1.3925908269227116
-0.35258206637524026 , 0.47503768779593797 , 1.392895629996845
-0.36923484522215066 , 0.4478709709548164 , 1.3978276017975695
-0.37033558308062137 , 0.4459460938615186 , 1.3981668771890592
-0.3713816120279757 , 0.44410021593987653 , 1.3984910253018707
-0.3723922832997242 , 0.44230096568259314 , 1.3988058615020327
-0.3733752466864146 , 0.44042576509718 , 1.399153231615395
-0.3743460540736945 , 0.4387775890444598 , 1.3994192104830128
-0.37532562731316793 , 0.43698800969122514 , 1.3997291464081585
-0.3763067163441814 , 0.4351797935888443 , 1.4000412312117438
-0.37725038133505523 , 0.433312592755287 , 1.4003827309424588
-0.3782551074020168 , 0.43154030565072404 , 1.400666127802975
-0.3792049042462594 , 0.4297420689447901 , 1.400973296602824
-0.38016453621980223 , 0.4279087079035178 , 1.401285396407985
-0.3811250437754255 , 0.4260566832724634 , 1.4015995864865192
-0.38205232536074457 , 0.42425222559601933 , 1.4019046646916684
-0.3830310285228069 , 0.4223297068027119 , 1.4022285806220893
-0.38395136247171835 , 0.42050458459967427 , 1.4025350234107552
-0.3848558873728775 , 0.41869412144775026 , 1.4028379898363597
-0.38579397427617856 , 0.41679858246588786 , 1.4031541181569613
-0.38669145603090815 , 0.41496761945335914 , 1.4034584409847144
-0.3875658954701503 , 0.41304599872531966 , 1.403796943798844
-0.3885116593331511 , 0.4111999891578089 , 1.4040814868496467
-0.38934623835866117 , 0.40932491634500584 , 1.4044101557679167
-0.39026856456400705 , 0.4074916087958941 , 1.4046906232770457
-0.3911432320267742 , 0.40561799616706234 , 1.404996850692389
-0.39203315947509265 , 0.4036923443746018 , 1.4053105233547538
-0.3929834561905849 , 0.40161392437922605 , 1.4056478843002824
-0.39381840063299284 , 0.39976840462063257 , 1.4059464088876532
-0.3946607366823034 , 0.3978876618197666 , 1.4062496391524113
-0.3954803783717967 , 0.39603889556482674 , 1.406546745204967
-0.39629243396219016 , 0.3941885655812732 , 1.4068431480284194
-0.39711145761012656 , 0.39230301735170076 , 1.4071442172307032
-0.3979081962872154 , 0.39044962208612494 , 1.4074392001066778
-0.3987044815966793 , 0.3885778837638117 , 1.4077361510927868
-0.40974523305263955 , 0.36012033858889825 , 1.4121574690483862
-0.41050065667909363 , 0.3581440456463501 , 1.4124359191262335
-0.4111759312631933 , 0.35621719760840664 , 1.4127256547533702
-0.411837305961409 , 0.354306433918519 , 1.4130120891851936
-0.4124849922706898 , 0.35241181124223125 , 1.4132952418650626
-0.41313066052763747 , 0.3504992232766473 , 1.4135802144287422
-0.41375712117173613 , 0.3486199421705394 , 1.4138593832223045
-0.41437597369488316 , 0.346739851980239 , 1.4141378432793958
-0.4149872187402319 , 0.34485898230175605 , 1.4144155943990622
-0.4233557443986201 , 0.3161431170336472 , 1.4185572595789222
-0.42386572806850953 , 0.31416783547915134 , 1.4188355634968053
-0.4243587741820975 , 0.3122266184384181 , 1.419108269099934
-0.4248353102461514 , 0.31031951201567964 , 1.4193754161071446
-0.4252999459224132 , 0.3084293748133844 , 1.4196394405645105
-0.4257528906409605 , 0.30655624145624727 , 1.4199003617319497
-0.42621056227799575 , 0.3046313981413778 , 1.4201677350206037
-0.4266603927135986 , 0.30270642745751136 , 1.4204343690332568
-0.4270906484435109 , 0.3008329255269641 , 1.4206931510516387
-0.4327657691597348 , 0.2720863190740893 , 1.4245771086059411
-0.4331004275986552 , 0.27006086442920685 , 1.4248448062059293
-0.43340737001489443 , 0.2681559912459836 , 1.425095871293355
-0.4337093569675977 , 0.26623440761347483 , 1.4253484590295304
-0.4339958138853547 , 0.2643647582869758 , 1.4255935679261533
-0.4342774629518868 , 0.26247844818089683 , 1.4258402122539682
-0.4345122763195554 , 0.26053131621126213 , 1.4261124495197859
-0.4348207647004606 , 0.2586902890025156 , 1.4263335766311764
-0.4350846145401205 , 0.25677137759561575 , 1.4265825025575847
-0.43532270547375673 , 0.2549900962342057 , 1.426812982390893
-0.43555633830531343 , 0.2531922642159991 , 1.4270450279605933
-0.4357727183395595 , 0.25109489618767983 , 1.42733318418553
-0.4360505931779508 , 0.24920498433723443 , 1.427557613369518
-0.4362723578809 , 0.2473236893002839 , 1.4277984876337826
-0.43649244967683354 , 0.2453918695974577 , 1.4280451837457653
-0.436701034526812 , 0.24349504383947496 , 1.4282867758997135
-0.436907411969945 , 0.24154781106999346 , 1.4285341364510806
-0.43710072721240023 , 0.23965268693775607 , 1.428774246283096
-0.4372799555112455 , 0.23782669146639562 , 1.4290050110895771
-0.43746165234926415 , 0.23589922365873184 , 1.429247977888652
-0.43763707275815045 , 0.2339556867039233 , 1.4294923263815065
-0.43780314711852847 , 0.23203020846262173 , 1.429733769611948
-0.4379641886703579 , 0.2300717150555417 , 1.429978707276499
-0.43807628049135067 , 0.2280387359782809 , 1.4302500917677328
-0.438263405182444 , 0.22614107035186037 , 1.4304683376200102
-0.4384003024049061 , 0.2241859991313211 , 1.4307109104017066
-0.43852484368798583 , 0.2223000695457906 , 1.4309443001212765
-0.43864091170439257 , 0.220432262764939 , 1.4311748644275706
-0.4387487139578717 , 0.21858257551684743 , 1.431402622825984
-0.43885201487469877 , 0.21668318950300042 , 1.4316359136147931
-0.4393118915097963 , 0.20536490691171022 , 1.4330138625468447
-0.43710534970679166 , 0.14411613361158526 , 1.440123751694888
-0.4368856307405784 , 0.14201187874631468 , 1.4403580241797296
-0.43668539926553956 , 0.14017121816311096 , 1.4405624219049509
-0.43648539822167337 , 0.13839804303652897 , 1.44075886066674
-0.43627096183913094 , 0.1365622390899242 , 1.4409617579201972
-0.43605330084656535 , 0.13476137402414048 , 1.4411603203747554
-0.43582252910038516 , 0.1329143887979225 , 1.4413634821071535
-0.43560985220693516 , 0.13126403799381214 , 1.4415445992896412
-0.435347802415005 , 0.1292928657603265 , 1.4417604120370286
-0.43088349961156747 , 0.10239576360034902 , 1.4446499694723702
-0.4305220537572299 , 0.10058357434792844 , 1.4448409813742213
-0.4301631520940882 , 0.0988216978286938 , 1.4450262488154835
-0.4298040615276 , 0.09709422668558534 , 1.4452074764026022
-0.42943173953775043 , 0.09533836899038134 , 1.4453912541915754
-0.42905267021314236 , 0.0935855858965545 , 1.4455742803879166
-0.42867729085262485 , 0.09188272873360254 , 1.4457516823982217
-0.4282920186766229 , 0.09016724953695646 , 1.4459299901884326
-0.4278931009337189 , 0.08842370142751377 , 1.4461107949544831
-0.4206939204069632 , 0.06124697285822383 , 1.4488743447109234
-0.4201754989955402 , 0.05953010485273484 , 1.449045483390703
-0.41966434853201895 , 0.0578619902541891 , 1.449211369736142
-0.41914692865753794 , 0.05619742415941448 , 1.4493765173705508
-0.41862800228065983 , 0.05455137765356809 , 1.4495394484228559
-0.41809334990207525 , 0.05287903014075192 , 1.4497045964784716
-0.41755236769678855 , 0.051210365935020576 , 1.4498689924346637
-0.4170198154595776 , 0.04958995717090058 , 1.4500282627733925
-0.40802206532466573 , 0.024960036918191243 , 1.4524038276836626
-0.4072890585729664 , 0.02314342693514762 , 1.4525756483235108
-0.40657765837950477 , 0.02140330027942903 , 1.4527397938544437
-0.4059005928155753 , 0.019767495950379244 , 1.4528937043115722
-0.4052411302548976 , 0.018192734487539535 , 1.4530415095056108
-0.4045257039859771 , 0.01660002787536771 , 1.453204439138384
-0.40391082889072305 , 0.015069608068619709 , 1.4533335893638586
-0.4032401323098722 , 0.013521211136671728 , 1.4534778773223176
-0.4025575998501918 , 0.01196287583445773 , 1.453622741864018
-0.40189422460539154 , 0.010464651033758918 , 1.4537616870724022
-0.40121297882813617 , 0.008942432878541996 , 1.4539025238922494
-0.4005072509236231 , 0.0073825560517217885 , 1.4540464952914598
-0.39978935420666245 , 0.005813125668283015 , 1.4541909903527737
-0.3990655845882477 , 0.004248110367804488 , 1.45433472026557
-0.39833596305808666 , 0.0026875318517510134 , 1.4544776850653427
-0.39761357810799064 , 0.001158914798666713 , 1.4546173746302102
-0.396822107538427 , -0.00041305660789135723 , 1.4547740774409375
-0.39613874094773205 , -0.0019126784642640726 , 1.4548970227639135
-0.39542623349965283 , -0.003373651804321205 , 1.4550295437932323
-0.39466817766102824 , -0.004912127069047284 , 1.45516875129758
-0.39391117980081125 , -0.006432484776333923 , 1.4553059721246802
-0.3931050461572267 , -0.00795427048422008 , 1.455456207866176
-0.39236662390728066 , -0.009486616721196928 , 1.4555805764722654
-0.39081338971991053 , -0.01249546280291916 , 1.455849732229058
-0.39000738300248855 , -0.014033068632884584 , 1.4559867475883812
-0.3891735084977457 , -0.015531214507674761 , 1.4561329506949217
-0.3884350662829027 , -0.01698756399811866 , 1.4562490069828378
-0.387640860574083 , -0.01845797797659359 , 1.4563790301647364
-0.3868557711897282 , -0.019897439704753227 , 1.4565059927947752
-0.3860510082502283 , -0.0213587545927538 , 1.4566345541051198
-0.38525559253074243 , -0.022789244308630077 , 1.4567600813087669
-0.37239710379119884 , -0.044210962022127306 , 1.4586007119825786
-0.37143228977640075 , -0.045702493951429654 , 1.4587260555325383
-0.370526605805949 , -0.0470893897655036 , 1.4588422663840792
-0.36963223902193226 , -0.048446614249252534 , 1.458955672395206
-0.3687658624339429 , -0.049749870073014936 , 1.4590642705127979
-0.3678373959178169 , -0.05113418474065608 , 1.4591793009450018
-0.3668542157341071 , -0.052586399501542494 , 1.4592996145556032
-0.36589883162202347 , -0.053984319276716305 , 1.459415080322106
-0.36491318513941196 , -0.05541308657238171 , 1.4595327372075273
-0.3640147682377861 , -0.056703725827755666 , 1.4596387072307913
-0.3631542328477931 , -0.05792966822781427 , 1.4597390889303654
-0.362213241073957 , -0.05925890165344154 , 1.4598476220529513
-0.3612579535974136 , -0.06059641192512701 , 1.4599565072411855
-0.36027393884881476 , -0.06196178499694371 , 1.4600673240120694
-0.3592896032347959 , -0.06331525928039858 , 1.4601768371122894
-0.35830991134662904 , -0.06465029095635258 , 1.460284525713282
-0.35732337872008113 , -0.0659826865150124 , 1.460391669967374
-0.3562512865210838 , -0.06741725534790402 , 1.4605066568405443
-0.3551451929949813 , -0.06888295901847966 , 1.4606237356387786
-0.35399257932154077 , -0.07039505800512666 , 1.460744088868681
-0.3528227623559268 , -0.07191409266976122 , 1.46086454855163
-0.3516041087787606 , -0.07348009357133736 , 1.46098826045156
-0.35035806495700167 , -0.07506424899337386 , 1.46111291371377
-0.347575165553313 , -0.07854163848155725 , 1.4613847764392762
-0.3462038069224519 , -0.0802252005907093 , 1.4615155127718227
-0.34478724668145383 , -0.08194397539008823 , 1.4616483782168919
-0.34339170905519156 , -0.08361747240682968 , 1.4617771485798683
-0.3419581800309194 , -0.08531648267092423 , 1.4619072738109764
-0.3405292976459171 , -0.08699014601820995 , 1.4620348506507763
-0.33905665380608596 , -0.08869472623114578 , 1.462164156459569
-0.33757073968456336 , -0.09039412555569341 , 1.4622924299581432
-0.3361033193923645 , -0.0920524952517194 , 1.4624169823603255
-0.3346460317657168 , -0.09368021434990315 , 1.4625386246647203
-0.3331499923123275 , -0.095331666167257 , 1.4626614159711555
-0.3316344710361685 , -0.09698478179854839 , 1.4627836915528927
-0.33014568592225696 , -0.09858962690550535 , 1.462901775413393
-0.3286631412956906 , -0.10016924750734564 , 1.4630173963396682
-0.32716813076456397 , -0.10174376978403234 , 1.4631320356020385
-0.32580655786970203 , -0.10316195386395116 , 1.463234764095867
-0.3244797351176154 , -0.10452966887382859 , 1.4633333557350203
-0.32312271846973767 , -0.10591414460683994 , 1.4634326674962226
-0.32184998357160055 , -0.1071996170006026 , 1.4635244315148261
-0.32066275482407525 , -0.10838752064229842 , 1.4636088433335948
-0.31946942534091194 , -0.10957076480672626 , 1.4636925492091761
-0.3183425534475661 , -0.11067832514357537 , 1.4637705574694473
-0.31729570053956796 , -0.1116988163460075 , 1.4638421353144753
-0.3162813846867487 , -0.1126799361950555 , 1.4639106787766876
-0.3154041991129483 , -0.1135224003573277 , 1.4639693193504768
-0.31457203640814163 , -0.11427640001094116 , 1.4640319027058144
-0.31388977278014374 , -0.11496390983122061 , 1.4640691870756801
-0.31324887403454266 , -0.11556905798994946 , 1.4641109322713053
-0.31268894396567665 , -0.11609539888607434 , 1.4641471533986152
-0.3121588323257372 , -0.11655218983716989 , 1.4641887140297019
-0.311787196270467 , -0.11693848856867958 , 1.4642049989926025
-0.31149497577209273 , -0.11721051155216224 , 1.4642236160390902
-0.31126231662667114 , -0.11742668654820898 , 1.4642383936214276
-0.3110620534735215 , -0.11761249109573294 , 1.4642510815428376
-0.31094243673982014 , -0.11772337806184618 , 1.4642586455743878
